prplRqstNo,instRcptSn
1AB-2510-0002045,201101690
1AB-2510-0002041,201101685
1AB-2510-0001939,201101680
1AB-2510-0002021,201101660
1AB-2510-0001945,201101582
1AB-2510-0001925,201101567
1AB-2510-0001848,201101534
1AB-2510-0001847,201101466
1AB-2510-0001844,201101463
1AB-2510-0001775,201101403
1AB-2510-0001660,201101389
1AB-2510-0001756,201101375
1AB-2510-0001736,201101355
1AB-2510-0001723,201101341
1AB-2510-0001709,201101334
1AB-2510-0001688,201101318
1AB-2510-0001645,201101272
1AB-2510-0001613,201101258
1AB-2510-0001594,201101215
1AB-2510-0001592,201101214
1AB-2510-0001581,201101207
1AB-2510-0001563,201101202
1AB-2510-0001564,201101193
1AB-2510-0001544,201101183
1AB-2510-0001486,201101178
1AB-2510-0001523,201101170
1AB-2510-0001501,201101139
1AB-2510-0001473,201101097
1AB-2510-0001466,201101673
1AB-2510-0001466,201101274
1AB-2510-0001466,201101091
1AB-2510-0001461,201101087
1AB-2510-0001446,201101079
1AB-2510-0001429,201101076
1AB-2510-0001435,201101064
1AB-2510-0001433,201101059
1AB-2510-0001385,201101043
1AB-2510-0001360,201101008
1AB-2510-0001351,201100986
1AB-2510-0001314,201100928
1AB-2510-0001287,201100912
1AB-2510-0001275,201100902
1AB-2510-0001272,201100901
1AB-2510-0001245,201100892
1AB-2510-0001266,201100891
1AB-2510-0001232,201100859
1AB-2510-0001174,201100858
1AB-2510-0001213,201100852
1AB-2510-0001151,201100833
1AB-2510-0001183,201100822
1AB-2510-0001165,201100814
1AB-2510-0000961,201100781
1AB-2510-0001096,201100777
1AB-2510-0001127,201100760
1AB-2510-0001110,201100749
1AB-2510-0001059,201100705
1AB-2510-0001046,201100684
1AB-2510-0001038,201100676
1AB-2510-0001033,201100675
1AB-2510-0000980,201100635
1AB-2510-0000889,201100614
1AB-2510-0000969,201100605
1AB-2510-0000901,201100556
1AB-2510-0000888,201100514
1AB-2510-0000872,201100493
1AB-2510-0000839,201100487
1AB-2510-0000817,201100441
1AB-2510-0000794,201100420
1AB-2510-0000778,201100415
1AB-2510-0000776,201100393
1AB-2510-0000774,201100392
1AB-2510-0000772,201100391
1AB-2510-0000775,201100389
1AB-2510-0000773,201100386
1AB-2510-0000754,201100371
1AB-2510-0000752,201100369
1AB-2510-0000748,201100365
1AB-2510-0000744,201100363
1AB-2510-0000742,201100362
1AB-2510-0000725,201100357
1AB-2510-0000721,201100353
1AB-2510-0000689,201100338
1AB-2510-0000708,201100337
1AB-2510-0000696,201100333
1AB-2510-0000674,201100331
1AB-2510-0000692,201100329
1AB-2510-0000690,201100328
1AB-2510-0000681,201100323
1AB-2510-0000679,201100322
1AB-2510-0000666,201100319
1AB-2510-0000673,201100315
1AB-2510-0000671,201100314
1AB-2510-0000661,201100306
1AB-2510-0000642,201100289
1AB-2510-0000617,201100268
1AB-2510-0000586,201100264
1AB-2510-0000590,201100244
1AB-2510-0000584,201100235
1AB-2510-0000577,201100230
1AB-2510-0000575,201100226
1AB-2510-0000574,201100224
1AB-2510-0000543,201100212
1AB-2510-0000532,201100210
1AB-2510-0000566,201100208
1AB-2510-0000555,201100207
1AB-2510-0000550,201100204
1AB-2510-0000520,201100181
1AB-2510-0000464,201100171
1AB-2510-0000508,201100166
1AB-2510-0000501,201100137
1AB-2510-0000463,201100129
1AB-2510-0000478,201100090
1AB-2510-0000444,201100076
1AB-2510-0000448,201100073
1AB-2510-0000437,201100034
1AB-2510-0000442,201100033
1AB-2510-0000408,201100025
1AB-2510-0000386,201100017
1AB-2510-0000383,201099978
1AB-2510-0000377,201099968
1AB-2510-0000359,201099941
1AB-2510-0000333,201099910
1AB-2510-0000324,201099899
1AB-2510-0000256,201099833
1AB-2510-0000252,201099824
1AB-2510-0000255,201099818
1AB-2510-0000229,201099924
1AB-2510-0000229,201099889
1AB-2510-0000229,201099795
1AB-2510-0000228,201099794
1AB-2510-0000182,201099741
1AB-2510-0000174,201099719
1AB-2510-0000149,201099703
1AB-2510-0000150,201099699
1AB-2510-0000143,201099690
1AB-2510-0000127,201099674
1AB-2510-0000117,201099664
1AB-2510-0000116,201099663
1AB-2510-0000113,201099662
1AB-2510-0000112,201099661
1AB-2510-0000110,201099659
1AB-2510-0000108,201099655
1AB-2510-0000101,201099651
1AB-2510-0000099,201099650
1AB-2510-0000098,201099649
1AB-2510-0000088,201099643
1AB-2510-0000079,201099639
1AB-2510-0000062,201099630
1AB-2510-0000031,201099627
1AB-2510-0000049,201099621
1AB-2510-0000040,201099617
1AB-2510-0000017,201099602
1AB-2509-0015749,201099500
1AB-2509-0015743,201099499
1AB-2509-0015739,201099497
1AB-2509-0015747,201099496
1AB-2509-0015728,201099492
1AB-2509-0015730,201099515
1AB-2509-0015730,201099487
1AB-2509-0015718,201099485
1AB-2509-0015722,201099483
1AB-2509-0015700,201099478
1AB-2509-0015704,201099469
1AB-2509-0015685,201099463
1AB-2509-0015688,201099462
1AB-2509-0015683,201099440
1AB-2509-0015686,201099438
1AB-2509-0015657,201099436
1AB-2509-0015653,201099434
1AB-2509-0015637,201099431
1AB-2509-0015600,201099415
1AB-2509-0015618,201099408
1AB-2509-0015601,201099393
1AB-2509-0015597,201099392
1AB-2509-0015598,201099390
1AB-2509-0015602,201099388
1AB-2509-0015599,201099386
1AB-2509-0015574,201099372
1AB-2509-0015498,201099370
1AB-2509-0015525,201099367
1AB-2509-0015565,201099365
1AB-2509-0015557,201099364
1AB-2509-0015558,201099361
1AB-2509-0015551,201099357
1AB-2509-0015504,201099353
1AB-2509-0015539,201099350
1AB-2509-0015518,201099330
1AB-2509-0015514,201099324
1AB-2509-0015489,201099292
1AB-2509-0015461,201099289
1AB-2509-0015455,201099286
1AB-2509-0015478,201099279
1AB-2509-0015473,201099277
1AB-2509-0015446,201099273
1AB-2509-0015438,201099249
1AB-2509-0015419,201099239
1AB-2509-0015413,201099237
1AB-2509-0015420,201099236
1AB-2509-0015414,201099233
1AB-2509-0015403,201099231
1AB-2509-0015410,201099230
1AB-2509-0015385,201099222
1AB-2509-0015371,201099193
1AB-2509-0015370,201099191
1AB-2509-0015366,201099188
1AB-2509-0015365,201099187
1AB-2509-0015363,201099186
1AB-2509-0015355,201099180
1AB-2509-0015356,201099178
1AB-2509-0015354,201099177
1AB-2509-0015353,201099176
1AB-2509-0015352,201099175
1AB-2509-0015351,201099174
1AB-2509-0015350,201099173
1AB-2509-0015349,201099172
1AB-2509-0015348,201099171
1AB-2509-0015347,201099170
1AB-2509-0015346,201099169
1AB-2509-0015345,201099168
1AB-2509-0015344,201099167
1AB-2509-0015343,201099166
1AB-2509-0015342,201099165
1AB-2509-0015341,201099164
1AB-2509-0015339,201099162
1AB-2509-0015338,201099161
1AB-2509-0015337,201099160
1AB-2509-0015336,201099159
1AB-2509-0015335,201099158
1AB-2509-0015334,201099157
1AB-2509-0015333,201099156
1AB-2509-0015332,201099155
1AB-2509-0015323,201099145
1AB-2509-0015298,201099125
1AB-2509-0015299,201099123
1AB-2509-0015295,201099120
1AB-2509-0015285,201099117
1AB-2509-0015282,201099106
1AB-2509-0015278,201099101
1AB-2509-0015267,201099096
1AB-2509-0015265,201099094
1AB-2509-0015235,201099092
1AB-2509-0015195,201099076
1AB-2509-0015143,201099017
1AB-2509-0015159,201099011
1AB-2509-0015140,201098987
1AB-2509-0015133,201098979
1AB-2509-0015130,201098978
1AB-2509-0015097,201098966
1AB-2509-0015111,201098964
1AB-2509-0015110,201098959
1AB-2509-0015091,201098954
1AB-2509-0015038,201098928
1AB-2509-0015036,201098925
1AB-2509-0015025,201098894
1AB-2509-0015004,201098886
1AB-2509-0015012,201098885
1AB-2509-0014996,201098877
1AB-2509-0014987,201098872
1AB-2509-0014972,201098868
1AB-2509-0014979,201098867
1AB-2509-0014973,201098865
1AB-2509-0014969,201098821
1AB-2509-0014950,201098807
1AB-2509-0014942,201098719
1AB-2509-0014941,201098718
1AB-2509-0014905,201098714
1AB-2509-0014909,201098711
1AB-2509-0014928,201098709
1AB-2509-0014927,201098707
1AB-2509-0014925,201098703
1AB-2509-0014888,201098673
1AB-2509-0014879,201098674
1AB-2509-0014881,201098672
1AB-2509-0014853,201098654
1AB-2509-0014827,201098634
1AB-2509-0014816,201098617
1AB-2509-0014687,201098607
1AB-2509-0014789,201098598
1AB-2509-0014778,201098596
1AB-2509-0014739,201098588
1AB-2509-0014762,201098569
1AB-2509-0014743,201098532
1AB-2509-0014725,201098526
1AB-2509-0014653,201098509
1AB-2509-0014658,201098500
1AB-2509-0014714,201098499
1AB-2509-0014707,201098498
1AB-2509-0014704,201098496
1AB-2509-0014646,201098494
1AB-2509-0014698,201098492
1AB-2509-0014688,201098556
1AB-2509-0014688,201098491
1AB-2509-0014648,201098483
1AB-2509-0014639,201098441
1AB-2509-0014654,201098440
1AB-2509-0014645,201098437
1AB-2509-0014652,201098436
1AB-2509-0014642,201098434
1AB-2509-0014641,201098432
1AB-2509-0014631,201098429
1AB-2509-0014630,201098428
1AB-2509-0014624,201098425
1AB-2509-0014626,201098424
1AB-2509-0014623,201098423
1AB-2509-0014609,201098413
1AB-2509-0014597,201098403
1AB-2509-0014597,201098557
1AB-2509-0014599,201098402
1AB-2509-0014592,201098399
1AB-2509-0014586,201098390
1AB-2509-0014577,201098386
1AB-2509-0014567,201098383
1AB-2509-0014575,201098382
1AB-2509-0014564,201098377
1AB-2509-0014549,201098372
1AB-2509-0014554,201098371
1AB-2509-0014530,201098359
1AB-2509-0014518,201098354
1AB-2509-0014521,201098353
1AB-2509-0014510,201098352
1AB-2509-0014498,201098341
1AB-2509-0014498,201098555
1AB-2509-0014498,201098554
1AB-2509-0014494,201098337
1AB-2509-0014484,201098333
1AB-2509-0014469,201098318
1AB-2509-0014474,201098317
1AB-2509-0014470,201098315
1AB-2509-0014436,201098308
1AB-2509-0014401,201098307
1AB-2509-0014412,201098200
1AB-2509-0014390,201098185
1AB-2509-0014389,201098184
1AB-2509-0014387,201098183
1AB-2509-0014370,201098168
1AB-2509-0014357,201098162
1AB-2509-0014325,201098141
1AB-2509-0014306,201098113
1AB-2509-0014256,201098071
1AB-2509-0014248,201098067
1AB-2509-0014172,201098002
1AB-2509-0014142,201097973
1AB-2509-0014149,201097966
1AB-2509-0014118,201097946
1AB-2509-0014079,201097916
1AB-2509-0014078,201097910
1AB-2509-0014073,201097909
1AB-2509-0014052,201097852
1AB-2509-0014025,201097827
1AB-2509-0014020,201097826
1AB-2509-0014018,201097824
1AB-2509-0014019,201097823
1AB-2509-0014016,201097822
1AB-2509-0013981,201097792
1AB-2509-0013895,201097701
1AB-2509-0013893,201097700
1AB-2509-0013891,201097699
1AB-2509-0013891,201100042
1AB-2509-0013890,201097697
1AB-2509-0013887,201097695
1AB-2509-0013878,201097688
1AB-2509-0013860,201097682
1AB-2509-0013855,201097676
1AB-2509-0013843,201097665
1AB-2509-0013835,201097664
1AB-2509-0013839,201097662
1AB-2509-0013819,201097632
1AB-2509-0013805,201097631
1AB-2509-0013814,201097628
1AB-2509-0013787,201097617
1AB-2509-0013795,201097616
1AB-2509-0013771,201097612
1AB-2509-0013789,201097611
1AB-2509-0013778,201097605
1AB-2509-0013779,201097581
1AB-2509-0013754,201097572
1AB-2509-0013766,201097571
1AB-2509-0013750,201097562
1AB-2509-0013741,201097539
1AB-2509-0013740,201097531
1AB-2509-0013729,201097529
1AB-2509-0013725,201097551
1AB-2509-0013725,201097552
1AB-2509-0013725,201097554
1AB-2509-0013725,201097556
1AB-2509-0013725,201097557
1AB-2509-0013725,201097558
1AB-2509-0013725,201097527
1AB-2509-0013725,201097544
1AB-2509-0013725,201097545
1AB-2509-0013725,201097546
1AB-2509-0013725,201097547
1AB-2509-0013725,201097548
1AB-2509-0013725,201097549
1AB-2509-0013725,201097550
1AB-2509-0013688,201097526
1AB-2509-0013730,201097525
1AB-2509-0013716,201097514
1AB-2509-0013715,201097510
1AB-2509-0013701,201097503
1AB-2509-0013681,201097894
1AB-2509-0013681,201097491
1AB-2509-0013690,201097490
1AB-2509-0013680,201097487
1AB-2509-0013670,201097460
1AB-2509-0013649,201097459
1AB-2509-0013665,201097455
1AB-2509-0013660,201097452
1AB-2509-0013635,201097448
1AB-2509-0013604,201097446
1AB-2509-0013647,201097439
1AB-2509-0013594,201097432
1AB-2509-0013613,201097429
1AB-2509-0013622,201097399
1AB-2509-0013607,201097394
1AB-2509-0013603,201097393
1AB-2509-0013611,201097392
1AB-2509-0013605,201097390
1AB-2509-0013589,201097388
1AB-2509-0013598,201097387
1AB-2509-0013583,201097358
1AB-2509-0013550,201097357
1AB-2509-0013572,201097346
1AB-2509-0013523,201097312
1AB-2509-0013521,201097305
1AB-2509-0013524,201097304
1AB-2509-0013513,201097275
1AB-2509-0013464,201097247
1AB-2509-0013458,201097239
1AB-2509-0013351,201097231
1AB-2509-0013445,201097223
1AB-2509-0013437,201097212
1AB-2509-0013391,201097202
1AB-2509-0013359,201097186
1AB-2509-0013387,201097183
1AB-2509-0013345,201097170
1AB-2509-0013348,201097039
1AB-2509-0013346,201097037
1AB-2509-0013312,201097023
1AB-2509-0013323,201097021
1AB-2509-0013314,201097017
1AB-2509-0013308,201097013
1AB-2509-0013244,201096954
1AB-2509-0013234,201096946
1AB-2509-0013224,201096943
1AB-2509-0013225,201096942
1AB-2509-0013214,201096939
1AB-2509-0013216,201096936
1AB-2509-0013215,201096935
1AB-2509-0013213,201096934
1AB-2509-0013205,201096927
1AB-2509-0013200,201096922
1AB-2509-0013196,201096918
1AB-2509-0013182,201096912
1AB-2509-0013162,201096909
1AB-2509-0013164,201096900
1AB-2509-0013149,201096895
1AB-2509-0013104,201096852
1AB-2509-0013071,201096843
1AB-2509-0013030,201096814
1AB-2509-0013027,201096808
1AB-2509-0013048,201096797
1AB-2509-0013037,201096791
1AB-2509-0012965,201096748
1AB-2509-0012976,201096738
1AB-2509-0012945,201096730
1AB-2509-0012925,201096693
1AB-2509-0012927,201096692
1AB-2509-0012905,201096688
1AB-2509-0012803,201096589
1AB-2509-0012798,201096583
1AB-2509-0012795,201096579
1AB-2509-0012794,201096578
1AB-2509-0012790,201096577
1AB-2509-0012771,201096566
1AB-2509-0012768,201096558
1AB-2509-0012763,201096555
1AB-2509-0012757,201096554
1AB-2509-0012739,201097292
1AB-2509-0012738,201096535
1AB-2509-0012724,201096526
1AB-2509-0012724,201097293
1AB-2509-0012724,201097294
1AB-2509-0012663,201096471
1AB-2509-0012664,201096470
1AB-2509-0012656,201096469
1AB-2509-0012657,201096467
1AB-2509-0012650,201096465
1AB-2509-0012642,201096461
1AB-2509-0012641,201096460
1AB-2509-0012626,201096452
1AB-2509-0012617,201096448
1AB-2509-0012616,201096447
1AB-2509-0012615,201096446
1AB-2509-0012606,201096444
1AB-2509-0012611,201096443
1AB-2509-0012610,201096442
1AB-2509-0012604,201096441
1AB-2509-0012583,201096439
1AB-2509-0012602,201096436
1AB-2509-0012601,201096435
1AB-2509-0012600,201096433
1AB-2509-0012597,201096432
1AB-2509-0012594,201096430
1AB-2509-0012593,201096429
1AB-2509-0012532,201096394
1AB-2509-0012499,201098854
1AB-2509-0012499,201096386
1AB-2509-0012518,201096383
1AB-2509-0012507,201096354
1AB-2509-0012476,201096340
1AB-2509-0012423,201096279
1AB-2509-0012425,201096278
1AB-2509-0012418,201096277
1AB-2509-0012413,201096276
1AB-2509-0012419,201096275
1AB-2509-0012410,201096268
1AB-2509-0012389,201096257
1AB-2509-0012390,201096256
1AB-2509-0012365,201096240
1AB-2509-0012362,201096235
1AB-2509-0012350,201096220
1AB-2509-0012342,201096219
1AB-2509-0012344,201096217
1AB-2509-0012319,201096209
1AB-2509-0012330,201096202
1AB-2509-0012322,201096199
1AB-2509-0012301,201096184
1AB-2509-0012275,201096180
1AB-2509-0012272,201096174
1AB-2509-0012265,201096170
1AB-2509-0012258,201096168
1AB-2509-0012259,201096166
1AB-2509-0012245,201096160
1AB-2509-0012247,201096159
1AB-2509-0012251,201096158
1AB-2509-0012250,201096156
1AB-2509-0012238,201096155
1AB-2509-0012230,201096154
1AB-2509-0012182,201096149
1AB-2509-0012226,201096142
1AB-2509-0012065,201096139
1AB-2509-0012106,201096129
1AB-2509-0012153,201096125
1AB-2509-0012198,201096101
1AB-2509-0012193,201096098
1AB-2509-0012168,201096086
1AB-2509-0012160,201096076
1AB-2509-0012152,201096071
1AB-2509-0012147,201096067
1AB-2509-0012137,201096063
1AB-2509-0012132,201096055
1AB-2509-0012123,201096054
1AB-2509-0012122,201096049
1AB-2509-0012125,201096047
1AB-2509-0012119,201096039
1AB-2509-0012104,201096033
1AB-2509-0012093,201096031
1AB-2509-0012099,201096030
1AB-2509-0012059,201096003
1AB-2509-0012055,201096001
1AB-2509-0012060,201095997
1AB-2509-0012046,201095990
1AB-2509-0012034,201095959
1AB-2509-0012037,201095957
1AB-2509-0012035,201095956
1AB-2509-0012014,201095946
1AB-2509-0012006,201095938
1AB-2509-0011974,201095936
1AB-2509-0011940,201095917
1AB-2509-0011958,201095904
1AB-2509-0011953,201095899
1AB-2509-0011892,201095882
1AB-2509-0011839,201095874
1AB-2509-0011910,201095866
1AB-2509-0011893,201095858
1AB-2509-0011837,201095855
1AB-2509-0011858,201095848
1AB-2509-0011883,201095841
1AB-2509-0011881,201095839
1AB-2509-0011878,201095837
1AB-2509-0011874,201095836
1AB-2509-0011873,201095835
1AB-2509-0011871,201095831
1AB-2509-0011869,201095830
1AB-2509-0011859,201095823
1AB-2509-0011843,201095813
1AB-2509-0011826,201095812
1AB-2509-0011838,201095811
1AB-2509-0011814,201095805
1AB-2509-0011789,201095773
1AB-2509-0011790,201095769
1AB-2509-0011778,201095767
1AB-2509-0011783,201095766
1AB-2509-0011774,201095764
1AB-2509-0011776,201095762
1AB-2509-0011708,201095756
1AB-2509-0011696,201095691
1AB-2509-0011695,201095690
1AB-2509-0011694,201095689
1AB-2509-0011693,201095688
1AB-2509-0011692,201095687
1AB-2509-0011691,201095686
1AB-2509-0011685,201095685
1AB-2509-0011690,201095684
1AB-2509-0011688,201095682
1AB-2509-0011687,201095681
1AB-2509-0011679,201095674
1AB-2509-0011676,201095672
1AB-2509-0011672,201095670
1AB-2509-0011645,201095665
1AB-2509-0011654,201095663
1AB-2509-0011648,201095657
1AB-2509-0011655,201095655
1AB-2509-0011649,201095653
1AB-2509-0011631,201095648
1AB-2509-0011628,201095647
1AB-2509-0011632,201095644
1AB-2509-0011616,201095621
1AB-2509-0011625,201095618
1AB-2509-0011607,201095616
1AB-2509-0011592,201095605
1AB-2509-0011584,201095603
1AB-2509-0011581,201095594
1AB-2509-0011574,201095593
1AB-2509-0011555,201095588
1AB-2509-0011554,201095581
1AB-2509-0011545,201095577
1AB-2509-0011520,201095570
1AB-2509-0011513,201095568
1AB-2509-0011487,201095556
1AB-2509-0011480,201095546
1AB-2509-0011472,201097083
1AB-2509-0011448,201095538
1AB-2509-0011431,201095518
1AB-2509-0011374,201095516
1AB-2509-0011437,201095507
1AB-2509-0011430,201095502
1AB-2509-0011426,201095480
1AB-2509-0011424,201095479
1AB-2509-0011406,201095476
1AB-2509-0011360,201095475
1AB-2509-0011403,201095473
1AB-2509-0011401,201095470
1AB-2509-0011409,201095469
1AB-2509-0011386,201095459
1AB-2509-0011381,201095448
1AB-2509-0011344,201095438
1AB-2509-0011321,201095405
1AB-2509-0011303,201095378
1AB-2509-0011297,201095376
1AB-2509-0011308,201095373
1AB-2509-0011298,201095368
1AB-2509-0011302,201095366
1AB-2509-0011290,201095359
1AB-2509-0011277,201095350
1AB-2509-0011276,201095349
1AB-2509-0011274,201095347
1AB-2509-0011264,201095341
1AB-2509-0011261,201095338
1AB-2509-0011244,201095331
1AB-2509-0011223,201095317
1AB-2509-0011233,201095309
1AB-2509-0011233,201097101
1AB-2509-0011213,201095289
1AB-2509-0011193,201095284
1AB-2509-0011160,201095254
1AB-2509-0011150,201095243
1AB-2509-0011154,201095240
1AB-2509-0011121,201095239
1AB-2509-0011149,201095236
1AB-2509-0011148,201095235
1AB-2509-0011127,201095226
1AB-2509-0011095,201095200
1AB-2509-0011069,201095199
1AB-2509-0011076,201095190
1AB-2509-0011086,201095188
1AB-2509-0011027,201095146
1AB-2509-0011038,201095137
1AB-2509-0011035,201095136
1AB-2509-0011036,201095135
1AB-2509-0011026,201095134
1AB-2509-0011023,201095132
1AB-2509-0011022,201095130
1AB-2509-0011021,201095128
1AB-2509-0011017,201095125
1AB-2509-0011015,201095123
1AB-2509-0011009,201095120
1AB-2509-0011000,201095113
1AB-2509-0011000,201095172
1AB-2509-0010984,201095100
1AB-2509-0010976,201095091
1AB-2509-0010974,201095090
1AB-2509-0010973,201095088
1AB-2509-0010969,201095087
1AB-2509-0010967,201095085
1AB-2509-0010962,201095083
1AB-2509-0010955,201095080
1AB-2509-0010957,201095077
1AB-2509-0010953,201095075
1AB-2509-0010929,201095069
1AB-2509-0010933,201095065
1AB-2509-0010918,201095063
1AB-2509-0010917,201095060
1AB-2509-0010910,201095057
1AB-2509-0010907,201095051
1AB-2509-0010900,201095047
1AB-2509-0010898,201095045
1AB-2509-0010899,201095044
1AB-2509-0010894,201095040
1AB-2509-0010886,201095037
1AB-2509-0010876,201095035
1AB-2509-0010883,201095034
1AB-2509-0010865,201095025
1AB-2509-0010864,201095021
1AB-2509-0010863,201095018
1AB-2509-0010849,201095015
1AB-2509-0010854,201095014
1AB-2509-0010843,201095012
1AB-2509-0010846,201095011
1AB-2509-0010837,201095009
1AB-2509-0010840,201095008
1AB-2509-0010839,201095006
1AB-2509-0010839,201097106
1AB-2509-0010817,201095005
1AB-2509-0010828,201095003
1AB-2509-0010835,201095163
1AB-2509-0010835,201095002
1AB-2509-0010801,201094997
1AB-2509-0010826,201094996
1AB-2509-0010819,201094993
1AB-2509-0010818,201094989
1AB-2509-0010793,201094984
1AB-2509-0010786,201094920
1AB-2509-0010781,201095162
1AB-2509-0010781,201094910
1AB-2509-0010774,201094905
1AB-2509-0010719,201094902
1AB-2509-0010749,201094893
1AB-2509-0010713,201094887
1AB-2509-0010750,201094885
1AB-2509-0010756,201094883
1AB-2509-0010735,201094865
1AB-2509-0010694,201094825
1AB-2509-0010685,201094811
1AB-2509-0010655,201094774
1AB-2509-0010657,201094768
1AB-2509-0010647,201094763
1AB-2509-0010642,201094755
1AB-2509-0010627,201094747
1AB-2509-0010620,201095169
1AB-2509-0010611,201094739
1AB-2509-0010609,201094738
1AB-2509-0010526,201094736
1AB-2509-0010586,201094731
1AB-2509-0010566,201094722
1AB-2509-0010589,201094720
1AB-2509-0010585,201094717
1AB-2509-0010550,201094714
1AB-2509-0010491,201094709
1AB-2509-0010528,201094704
1AB-2509-0010545,201094694
1AB-2509-0010561,201094692
1AB-2509-0010544,201094685
1AB-2509-0010543,201094677
1AB-2509-0010509,201094662
1AB-2509-0010515,201094659
1AB-2509-0010489,201094655
1AB-2509-0010500,201094654
1AB-2509-0010452,201094650
1AB-2509-0010452,201094640
1AB-2509-0010432,201094621
1AB-2509-0010453,201094617
1AB-2509-0010424,201094604
1AB-2509-0010415,201094565
1AB-2509-0010400,201094563
1AB-2509-0010400,201095166
1AB-2509-0010416,201094562
1AB-2509-0010387,201094558
1AB-2509-0010407,201094557
1AB-2509-0010351,201097109
1AB-2509-0010351,201094548
1AB-2509-0010364,201094545
1AB-2509-0010375,201094544
1AB-2509-0010376,201094541
1AB-2509-0010378,201094536
1AB-2509-0010320,201094530
1AB-2509-0010345,201094494
1AB-2509-0010343,201094490
1AB-2509-0010335,201094488
1AB-2509-0010337,201094487
1AB-2509-0010333,201094481
1AB-2509-0010321,201094480
1AB-2509-0010327,201094479
1AB-2509-0010326,201094478
1AB-2509-0010323,201094475
1AB-2509-0010318,201094474
1AB-2509-0010316,201094473
1AB-2509-0010314,201094471
1AB-2509-0010313,201094470
1AB-2509-0010312,201094469
1AB-2509-0010306,201094463
1AB-2509-0010300,201094460
1AB-2509-0010291,201094452
1AB-2509-0010254,201094416
1AB-2509-0010196,201094358
1AB-2509-0010186,201094351
1AB-2509-0010182,201094349
1AB-2509-0010179,201094348
1AB-2509-0010177,201094346
1AB-2509-0010176,201094345
1AB-2509-0010175,201094344
1AB-2509-0010174,201094343
1AB-2509-0010162,201094339
1AB-2509-0010153,201094333
1AB-2509-0010125,201094327
1AB-2509-0010147,201094325
1AB-2509-0010138,201094319
1AB-2509-0010123,201094311
1AB-2509-0010100,201094306
1AB-2509-0010114,201094304
1AB-2509-0010121,201094303
1AB-2509-0010112,201094302
1AB-2509-0010106,201094297
1AB-2509-0010104,201094296
1AB-2509-0010099,201094295
1AB-2509-0010092,201094290
1AB-2509-0010084,201094288
1AB-2509-0010085,201094287
1AB-2509-0010022,201094285
1AB-2509-0010022,201095167
1AB-2509-0010082,201094284
1AB-2509-0010076,201094783
1AB-2509-0010083,201094258
1AB-2509-0010073,201094252
1AB-2509-0010032,201094242
1AB-2509-0010026,201094240
1AB-2509-0010019,201094239
1AB-2509-0010020,201094237
1AB-2509-0010005,201094228
1AB-2509-0010006,201094226
1AB-2509-0009978,201094207
1AB-2509-0009984,201094206
1AB-2509-0009973,201094201
1AB-2509-0009972,201094198
1AB-2509-0009890,201094192
1AB-2509-0009950,201094184
1AB-2509-0009949,201094183
1AB-2509-0009960,201094181
1AB-2509-0009938,201094167
1AB-2509-0009931,201094165
1AB-2509-0009920,201094138
1AB-2509-0009899,201094120
1AB-2509-0009900,201094116
1AB-2509-0009881,201094114
1AB-2509-0009862,201094111
1AB-2509-0009858,201094104
1AB-2509-0009838,201094054
1AB-2509-0009805,201094033
1AB-2509-0009767,201094016
1AB-2509-0009742,201093982
1AB-2509-0009695,201093959
1AB-2509-0009693,201093938
1AB-2509-0009657,201093910
1AB-2509-0009649,201093896
1AB-2509-0009642,201093894
1AB-2509-0009614,201093883
1AB-2509-0009628,201093881
1AB-2509-0009624,201093877
1AB-2509-0009606,201093871
1AB-2509-0009602,201093866
1AB-2509-0009592,201093862
1AB-2509-0009590,201093780
1AB-2509-0009579,201093777
1AB-2509-0009576,201093772
1AB-2509-0009569,201093771
1AB-2509-0009561,201093768
1AB-2509-0009562,201093767
1AB-2509-0009472,201093732
1AB-2509-0009465,201093693
1AB-2509-0009457,201093687
1AB-2509-0009455,201093686
1AB-2509-0009446,201093679
1AB-2509-0009443,201093676
1AB-2509-0009418,201093675
1AB-2509-0009420,201093673
1AB-2509-0009438,201093668
1AB-2509-0009431,201093665
1AB-2509-0009422,201093663
1AB-2509-0009419,201093662
1AB-2509-0009397,201093641
1AB-2509-0009372,201093627
1AB-2509-0009371,201093621
1AB-2509-0009363,201093612
1AB-2509-0009333,201093601
1AB-2509-0009294,201093574
1AB-2509-0009305,201093570
1AB-2509-0009318,201093801
1AB-2509-0009318,201093794
1AB-2509-0009318,201093805
1AB-2509-0009318,201093808
1AB-2509-0009318,201093810
1AB-2509-0009318,201093812
1AB-2509-0009318,201093798
1AB-2509-0009318,201093800
1AB-2509-0009318,201093568
1AB-2509-0009318,201093803
1AB-2509-0009318,201093793
1AB-2509-0009318,201093788
1AB-2509-0009318,201093790
1AB-2509-0009318,201093791
1AB-2509-0009308,201093563
1AB-2509-0009283,201093544
1AB-2509-0009279,201093521
1AB-2509-0009273,201093518
1AB-2509-0009271,201093517
1AB-2509-0009257,201094622
1AB-2509-0009257,201094623
1AB-2509-0009257,201094624
1AB-2509-0009259,201093512
1AB-2509-0009252,201093510
1AB-2509-0009244,201093509
1AB-2509-0009261,201093508
1AB-2509-0009234,201093503
1AB-2509-0009228,201093499
1AB-2509-0009232,201093497
1AB-2509-0009230,201093496
1AB-2509-0009227,201093494
1AB-2509-0009194,201093455
1AB-2509-0009193,201093452
1AB-2509-0009142,201093435
1AB-2509-0009173,201093428
1AB-2509-0009166,201093421
1AB-2509-0009160,201093417
1AB-2509-0009141,201093414
1AB-2509-0009148,201093408
1AB-2509-0009130,201093407
1AB-2509-0009123,201093401
1AB-2509-0009107,201093390
1AB-2509-0009097,201093381
1AB-2509-0009086,201093377
1AB-2509-0009109,201093373
1AB-2509-0009079,201093359
1AB-2509-0009049,201093356
1AB-2509-0009077,201093354
1AB-2509-0009053,201093333
1AB-2509-0009016,201093301
1AB-2509-0009001,201093286
1AB-2509-0008980,201093278
1AB-2509-0008994,201093274
1AB-2509-0008982,201093271
1AB-2509-0008931,201093266
1AB-2509-0008989,201093263
1AB-2509-0008964,201093249
1AB-2509-0008960,201097893
1AB-2509-0008960,201093248
1AB-2509-0008955,201093243
1AB-2509-0008952,201093238
1AB-2509-0008951,201093237
1AB-2509-0008943,201093232
1AB-2509-0008935,201093228
1AB-2509-0008932,201093227
1AB-2509-0008927,201093223
1AB-2509-0008922,201093219
1AB-2509-0008904,201093209
1AB-2509-0008874,201093206
1AB-2509-0008884,201093204
1AB-2509-0008884,201095180
1AB-2509-0008884,201095384
1AB-2509-0008879,201093189
1AB-2509-0008875,201093121
1AB-2509-0008837,201093115
1AB-2509-0008838,201093113
1AB-2509-0008827,201093109
1AB-2509-0008824,201093081
1AB-2509-0008820,201093080
1AB-2509-0008786,201093035
1AB-2509-0008778,201093032
1AB-2509-0008771,201093027
1AB-2509-0008763,201093024
1AB-2509-0008751,201093019
1AB-2509-0008750,201093010
1AB-2509-0008742,201093006
1AB-2509-0008738,201093005
1AB-2509-0008728,201093001
1AB-2509-0008729,201093000
1AB-2509-0008723,201092998
1AB-2509-0008721,201092995
1AB-2509-0008720,201093148
1AB-2509-0008720,201093149
1AB-2509-0008720,201093144
1AB-2509-0008720,201093142
1AB-2509-0008720,201093141
1AB-2509-0008720,201093140
1AB-2509-0008720,201093139
1AB-2509-0008720,201093152
1AB-2509-0008720,201093160
1AB-2509-0008720,201093165
1AB-2509-0008720,201093167
1AB-2509-0008720,201093096
1AB-2509-0008720,201093125
1AB-2509-0008720,201093131
1AB-2509-0008720,201093132
1AB-2509-0008720,201093133
1AB-2509-0008720,201093138
1AB-2509-0008705,201094849
1AB-2509-0008705,201094850
1AB-2509-0008705,201092992
1AB-2509-0008704,201092984
1AB-2509-0008702,201092981
1AB-2509-0008697,201092980
1AB-2509-0008689,201092976
1AB-2509-0008688,201092975
1AB-2509-0008688,201094967
1AB-2509-0008686,201092974
1AB-2509-0008685,201092972
1AB-2509-0008670,201092967
1AB-2509-0008675,201092966
1AB-2509-0008676,201092965
1AB-2509-0008656,201092953
1AB-2509-0008648,201092951
1AB-2509-0008651,201092949
1AB-2509-0008626,201092945
1AB-2509-0008621,201092925
1AB-2509-0008585,201092893
1AB-2509-0008582,201092889
1AB-2509-0008553,201092864
1AB-2509-0008495,201092860
1AB-2509-0008513,201092859
1AB-2509-0008525,201092843
1AB-2509-0008514,201092841
1AB-2509-0008523,201092840
1AB-2509-0008511,201092830
1AB-2509-0008488,201092811
1AB-2509-0008467,201092810
1AB-2509-0008459,201092793
1AB-2509-0008426,201092753
1AB-2509-0008351,201092685
1AB-2509-0008342,201092676
1AB-2509-0008336,201092671
1AB-2509-0008329,201092666
1AB-2509-0008310,201095981
1AB-2509-0008310,201092652
1AB-2509-0008306,201092645
1AB-2509-0008296,201092642
1AB-2509-0008256,201092610
1AB-2509-0008254,201092606
1AB-2509-0008226,201092599
1AB-2509-0008238,201092598
1AB-2509-0008244,201092597
1AB-2509-0008206,201092594
1AB-2509-0008236,201092591
1AB-2509-0008235,201092590
1AB-2509-0008231,201092586
1AB-2509-0008207,201092576
1AB-2509-0008201,201092570
1AB-2509-0008194,201092568
1AB-2509-0008187,201092567
1AB-2509-0008199,201092566
1AB-2509-0008183,201094634
1AB-2509-0008183,201092563
1AB-2509-0008183,201094631
1AB-2509-0008183,201094633
1AB-2509-0008185,201092559
1AB-2509-0008181,201092557
1AB-2509-0008180,201092556
1AB-2509-0008179,201095382
1AB-2509-0008145,201092526
1AB-2509-0008143,201092524
1AB-2509-0008136,201092498
1AB-2509-0008129,201093816
1AB-2509-0008129,201092492
1AB-2509-0008118,201092486
1AB-2509-0008111,201092481
1AB-2509-0008106,201092480
1AB-2509-0008102,201092477
1AB-2509-0008098,201094076
1AB-2509-0008098,201094075
1AB-2509-0008098,201094074
1AB-2509-0008098,201094073
1AB-2509-0008098,201094071
1AB-2509-0008098,201094070
1AB-2509-0008098,201094069
1AB-2509-0008098,201094068
1AB-2509-0008098,201094067
1AB-2509-0008098,201094066
1AB-2509-0008098,201094064
1AB-2509-0008098,201094063
1AB-2509-0008098,201092471
1AB-2509-0008098,201094077
1AB-2509-0008098,201094072
1AB-2509-0008079,201092461
1AB-2509-0008072,201092457
1AB-2509-0008061,201092447
1AB-2509-0008062,201092440
1AB-2509-0008048,201092435
1AB-2509-0008048,201098060
1AB-2509-0008043,201092429
1AB-2509-0007997,201092384
1AB-2509-0007994,201092383
1AB-2509-0007976,201092369
1AB-2509-0007943,201092335
1AB-2509-0007942,201092333
1AB-2509-0007938,201092330
1AB-2509-0007921,201092319
1AB-2509-0007924,201092318
1AB-2509-0007913,201092313
1AB-2509-0007908,201092309
1AB-2509-0007905,201092307
1AB-2509-0007889,201092298
1AB-2509-0007882,201092295
1AB-2509-0007866,201094149
1AB-2509-0007866,201092290
1AB-2509-0007876,201092288
1AB-2509-0007870,201092283
1AB-2509-0007857,201092276
1AB-2509-0007850,201092271
1AB-2509-0007823,201092260
1AB-2509-0007829,201092256
1AB-2509-0007712,201092251
1AB-2509-0007775,201092250
1AB-2509-0007791,201092249
1AB-2509-0007796,201092248
1AB-2509-0007777,201092246
1AB-2509-0007770,201092241
1AB-2509-0007792,201092240
1AB-2509-0007778,201092237
1AB-2509-0007676,201092233
1AB-2509-0007768,201092232
1AB-2509-0007764,201092226
1AB-2509-0007741,201092225
1AB-2509-0007750,201092209
1AB-2509-0007692,201092165
1AB-2509-0007649,201092152
1AB-2509-0007621,201092146
1AB-2509-0007652,201092134
1AB-2509-0007514,201093172
1AB-2509-0007603,201092073
1AB-2509-0007594,201092066
1AB-2509-0007576,201092064
1AB-2509-0007560,201092060
1AB-2509-0007586,201092059
1AB-2509-0007577,201092057
1AB-2509-0007569,201092053
1AB-2509-0007568,201092051
1AB-2509-0007573,201092050
1AB-2509-0007563,201092046
1AB-2509-0007535,201092018
1AB-2509-0007532,201092014
1AB-2509-0007528,201092012
1AB-2509-0007517,201092011
1AB-2509-0007518,201092003
1AB-2509-0007510,201092000
1AB-2509-0007495,201091994
1AB-2509-0007452,201091993
1AB-2509-0007493,201091981
1AB-2509-0007490,201091980
1AB-2509-0007484,201091979
1AB-2509-0007467,201091974
1AB-2509-0007455,201091973
1AB-2509-0007479,201091970
1AB-2509-0007462,201091968
1AB-2509-0007470,201091957
1AB-2509-0007438,201091953
1AB-2509-0007371,201091939
1AB-2509-0007410,201091892
1AB-2509-0007394,201091888
1AB-2509-0007397,201091886
1AB-2509-0007396,201091885
1AB-2509-0007393,201091883
1AB-2509-0007389,201091839
1AB-2509-0007387,201091838
1AB-2509-0007381,201091836
1AB-2509-0007355,201091830
1AB-2509-0007353,201091829
1AB-2509-0007372,201091827
1AB-2509-0007359,201091801
1AB-2509-0007352,201091793
1AB-2509-0007340,201091787
1AB-2509-0007339,201091785
1AB-2509-0007331,201091783
1AB-2509-0007328,201091779
1AB-2509-0007327,201091778
1AB-2509-0007313,201091769
1AB-2509-0007304,201091766
1AB-2509-0007279,201091744
1AB-2509-0007275,201091737
1AB-2509-0007274,201091736
1AB-2509-0007272,201091735
1AB-2509-0007271,201091734
1AB-2509-0007268,201091732
1AB-2509-0007266,201091730
1AB-2509-0007264,201098219
1AB-2509-0007264,201098220
1AB-2509-0007264,201098221
1AB-2509-0007264,201098222
1AB-2509-0007264,201098223
1AB-2509-0007264,201098224
1AB-2509-0007264,201098225
1AB-2509-0007264,201098226
1AB-2509-0007264,201098227
1AB-2509-0007264,201098228
1AB-2509-0007264,201098229
1AB-2509-0007264,201091729
1AB-2509-0007264,201098216
1AB-2509-0007264,201098217
1AB-2509-0007264,201098218
1AB-2509-0007261,201091805
1AB-2509-0007261,201091845
1AB-2509-0007261,201091844
1AB-2509-0007261,201091843
1AB-2509-0007261,201091842
1AB-2509-0007261,201091821
1AB-2509-0007261,201091820
1AB-2509-0007261,201091819
1AB-2509-0007261,201091806
1AB-2509-0007261,201091807
1AB-2509-0007261,201091808
1AB-2509-0007261,201091809
1AB-2509-0007261,201091810
1AB-2509-0007261,201091811
1AB-2509-0007261,201091813
1AB-2509-0007261,201091814
1AB-2509-0007261,201091815
1AB-2509-0007261,201091816
1AB-2509-0007261,201091817
1AB-2509-0007261,201091818
1AB-2509-0007260,201091727
1AB-2509-0007257,201091725
1AB-2509-0007250,201091719
1AB-2509-0007243,201091718
1AB-2509-0007238,201091714
1AB-2509-0007237,201091710
1AB-2509-0007234,201091709
1AB-2509-0007235,201091707
1AB-2509-0007216,201091677
1AB-2509-0007207,201091669
1AB-2509-0007203,201098915
1AB-2509-0007203,201091662
1AB-2509-0007185,201091654
1AB-2509-0007138,201091649
1AB-2509-0007136,201091640
1AB-2509-0007116,201091638
1AB-2509-0007117,201091633
1AB-2509-0007088,201091622
1AB-2509-0007100,201091618
1AB-2509-0007095,201091612
1AB-2509-0007096,201091605
1AB-2509-0007086,201091603
1AB-2509-0007041,201091581
1AB-2509-0007036,201091571
1AB-2509-0007001,201091563
1AB-2509-0007031,201091554
1AB-2509-0007016,201091546
1AB-2509-0007015,201091545
1AB-2509-0007007,201091544
1AB-2509-0007011,201091521
1AB-2509-0006999,201091520
1AB-2509-0007003,201091518
1AB-2509-0007002,201091516
1AB-2509-0006985,201091510
1AB-2509-0006953,201091501
1AB-2509-0006931,201091486
1AB-2509-0006827,201091437
1AB-2509-0006912,201091436
1AB-2509-0006831,201091435
1AB-2509-0006883,201091418
1AB-2509-0006830,201091415
1AB-2509-0006872,201091406
1AB-2509-0006873,201091403
1AB-2509-0006870,201091400
1AB-2509-0006814,201091399
1AB-2509-0006857,201091394
1AB-2509-0006857,201091907
1AB-2509-0006856,201091393
1AB-2509-0006854,201091392
1AB-2509-0006853,201091391
1AB-2509-0006850,201091389
1AB-2509-0006845,201091385
1AB-2509-0006811,201091367
1AB-2509-0006811,201094267
1AB-2509-0006803,201091363
1AB-2509-0006797,201091359
1AB-2509-0006787,201091358
1AB-2509-0006789,201091353
1AB-2509-0006771,201091350
1AB-2509-0006758,201091331
1AB-2509-0006718,201091291
1AB-2509-0006695,201091269
1AB-2509-0006692,201091263
1AB-2509-0006682,201091257
1AB-2509-0006679,201091254
1AB-2509-0006667,201091252
1AB-2509-0006675,201091251
1AB-2509-0006672,201091250
1AB-2509-0006666,201091245
1AB-2509-0006655,201091237
1AB-2509-0006648,201091234
1AB-2509-0006622,201091222
1AB-2509-0006618,201091195
1AB-2509-0006617,201091194
1AB-2509-0006605,201091192
1AB-2509-0006594,201091182
1AB-2509-0006590,201091178
1AB-2509-0006583,201091175
1AB-2509-0006580,201091172
1AB-2509-0006572,201091169
1AB-2509-0006575,201091167
1AB-2509-0006541,201091164
1AB-2509-0006550,201091155
1AB-2509-0006548,201091154
1AB-2509-0006544,201091152
1AB-2509-0006501,201091130
1AB-2509-0006450,201091122
1AB-2509-0006470,201091111
1AB-2509-0006439,201091080
1AB-2509-0006473,201091078
1AB-2509-0006456,201091074
1AB-2509-0006462,201091070
1AB-2509-0006428,201091063
1AB-2509-0006432,201091047
1AB-2509-0006429,201091046
1AB-2509-0006411,201090988
1AB-2509-0006392,201090985
1AB-2509-0006406,201090982
1AB-2509-0006400,201090961
1AB-2509-0006395,201090960
1AB-2509-0006388,201090958
1AB-2509-0006384,201090951
1AB-2509-0006371,201090948
1AB-2509-0006359,201090947
1AB-2509-0006376,201090944
1AB-2509-0006375,201090943
1AB-2509-0006335,201090942
1AB-2509-0006358,201090939
1AB-2509-0006369,201090934
1AB-2509-0006321,201090932
1AB-2509-0006362,201090928
1AB-2509-0006341,201090926
1AB-2509-0006297,201090918
1AB-2509-0006346,201090916
1AB-2509-0006336,201090909
1AB-2509-0006327,201090908
1AB-2509-0006319,201090901
1AB-2509-0006309,201090896
1AB-2509-0006291,201091522
1AB-2509-0006291,201091221
1AB-2509-0006291,201091220
1AB-2509-0006291,201091219
1AB-2509-0006291,201091218
1AB-2509-0006291,201091217
1AB-2509-0006291,201090895
1AB-2509-0006300,201090889
1AB-2509-0006269,201090884
1AB-2509-0006286,201090861
1AB-2509-0006283,201090857
1AB-2509-0006241,201090850
1AB-2509-0006275,201090849
1AB-2509-0006270,201090842
1AB-2509-0006267,201090839
1AB-2509-0006263,201090837
1AB-2509-0006216,201090833
1AB-2509-0006252,201090831
1AB-2509-0006256,201095178
1AB-2509-0006249,201090824
1AB-2509-0006248,201090821
1AB-2509-0006214,201090819
1AB-2509-0006201,201090813
1AB-2509-0006194,201090800
1AB-2509-0006184,201090797
1AB-2509-0006181,201090795
1AB-2509-0006164,201090780
1AB-2509-0006159,201090778
1AB-2509-0006151,201090773
1AB-2509-0006138,201090769
1AB-2509-0006130,201090757
1AB-2509-0006129,201090756
1AB-2509-0006127,201090754
1AB-2509-0006126,201090753
1AB-2509-0006125,201091011
1AB-2509-0006125,201091025
1AB-2509-0006125,201091024
1AB-2509-0006125,201091022
1AB-2509-0006125,201091021
1AB-2509-0006125,201091019
1AB-2509-0006125,201091018
1AB-2509-0006125,201090752
1AB-2509-0006125,201091012
1AB-2509-0006125,201091013
1AB-2509-0006125,201091015
1AB-2509-0006114,201090746
1AB-2509-0006114,201091213
1AB-2509-0006115,201090745
1AB-2509-0006107,201090741
1AB-2509-0006108,201090740
1AB-2509-0006106,201090739
1AB-2509-0006105,201090737
1AB-2509-0006085,201090729
1AB-2509-0006058,201097154
1AB-2509-0006046,201090724
1AB-2509-0006048,201090722
1AB-2509-0006086,201090720
1AB-2509-0006084,201090719
1AB-2509-0006050,201090714
1AB-2509-0006056,201090698
1AB-2509-0006026,201090685
1AB-2509-0006027,201090684
1AB-2509-0006018,201090678
1AB-2509-0006013,201090673
1AB-2509-0006009,201090671
1AB-2509-0006007,201090670
1AB-2509-0006005,201090669
1AB-2509-0006003,201090667
1AB-2509-0005995,201090665
1AB-2509-0005992,201090663
1AB-2509-0005994,201090661
1AB-2509-0005977,201090657
1AB-2509-0005984,201090656
1AB-2509-0005953,201090643
1AB-2509-0005954,201090632
1AB-2509-0005959,201090628
1AB-2509-0005961,201090627
1AB-2509-0005905,201100155
1AB-2509-0005905,201090623
1AB-2509-0005928,201090622
1AB-2509-0005945,201090597
1AB-2509-0005914,201090592
1AB-2509-0005943,201090591
1AB-2509-0005925,201090586
1AB-2509-0005934,201090584
1AB-2509-0005930,201090581
1AB-2509-0005924,201090579
1AB-2509-0005916,201090576
1AB-2509-0005916,201098051
1AB-2509-0005900,201090573
1AB-2509-0005909,201090569
1AB-2509-0005883,201090559
1AB-2509-0005877,201090547
1AB-2509-0005873,201090543
1AB-2509-0005874,201090541
1AB-2509-0005831,201090536
1AB-2509-0005843,201090535
1AB-2509-0005870,201090533
1AB-2509-0005788,201090529
1AB-2509-0005833,201090526
1AB-2509-0005848,201090520
1AB-2509-0005845,201090518
1AB-2509-0005802,201090492
1AB-2509-0005734,201090461
1AB-2509-0005778,201090456
1AB-2509-0005760,201090455
1AB-2509-0005759,201090453
1AB-2509-0005779,201090450
1AB-2509-0005764,201090442
1AB-2509-0005741,201090436
1AB-2509-0005750,201090431
1AB-2509-0005756,201090429
1AB-2509-0005742,201090427
1AB-2509-0005731,201090401
1AB-2509-0005730,201090400
1AB-2509-0005707,201090381
1AB-2509-0005683,201090372
1AB-2509-0005689,201090370
1AB-2509-0005686,201090366
1AB-2509-0005682,201090363
1AB-2509-0005675,201090337
1AB-2509-0005668,201090335
1AB-2509-0005662,201090333
1AB-2509-0005662,201095171
1AB-2509-0005659,201090327
1AB-2509-0005655,201090320
1AB-2509-0005622,201090315
1AB-2509-0005640,201090312
1AB-2509-0005631,201090309
1AB-2509-0005628,201090305
1AB-2509-0005626,201090302
1AB-2509-0005626,201098916
1AB-2509-0005617,201090279
1AB-2509-0005583,201090259
1AB-2509-0005579,201090256
1AB-2509-0005573,201090253
1AB-2509-0005562,201090241
1AB-2509-0005559,201090238
1AB-2509-0005554,201090237
1AB-2509-0005552,201090235
1AB-2509-0005549,201090231
1AB-2509-0005535,201090222
1AB-2509-0005498,201090188
1AB-2509-0005487,201090183
1AB-2509-0005484,201090156
1AB-2509-0005470,201090147
1AB-2509-0005454,201090137
1AB-2509-0005449,201090135
1AB-2509-0005451,201090134
1AB-2509-0005445,201090132
1AB-2509-0005440,201090131
1AB-2509-0005438,201090129
1AB-2509-0005437,201090127
1AB-2509-0005406,201090126
1AB-2509-0005429,201090123
1AB-2509-0005428,201090120
1AB-2509-0005421,201090114
1AB-2509-0005410,201090110
1AB-2509-0005408,201090105
1AB-2509-0005409,201090104
1AB-2509-0005397,201090102
1AB-2509-0005398,201090081
1AB-2509-0005393,201090080
1AB-2509-0005389,201090078
1AB-2509-0005375,201090077
1AB-2509-0005377,201090071
1AB-2509-0005388,201090070
1AB-2509-0005379,201090067
1AB-2509-0005380,201090066
1AB-2509-0005373,201090063
1AB-2509-0005346,201090013
1AB-2509-0005307,201090004
1AB-2509-0005329,201089976
1AB-2509-0005313,201089959
1AB-2509-0005309,201089956
1AB-2509-0005278,201089938
1AB-2509-0005279,201089929
1AB-2509-0005244,201089910
1AB-2509-0005251,201089904
1AB-2509-0005222,201089898
1AB-2509-0005212,201089895
1AB-2509-0005232,201089886
1AB-2509-0005231,201089884
1AB-2509-0005208,201089882
1AB-2509-0005188,201089841
1AB-2509-0005163,201089821
1AB-2509-0005164,201089814
1AB-2509-0005172,201089811
1AB-2509-0005169,201089810
1AB-2509-0005143,201089808
1AB-2509-0005155,201089807
1AB-2509-0005165,201089806
1AB-2509-0005162,201089805
1AB-2509-0005157,201089804
1AB-2509-0005137,201089795
1AB-2509-0005076,201089793
1AB-2509-0005139,201089791
1AB-2509-0005133,201089786
1AB-2509-0005074,201089785
1AB-2509-0005122,201089784
1AB-2509-0005115,201089781
1AB-2509-0005118,201089780
1AB-2509-0005106,201089778
1AB-2509-0005061,201089777
1AB-2509-0005050,201089772
1AB-2509-0005071,201089766
1AB-2509-0005032,201089756
1AB-2509-0005028,201089752
1AB-2509-0005046,201089751
1AB-2509-0005034,201089749
1AB-2509-0005044,201089747
1AB-2509-0005010,201089738
1AB-2509-0005000,201089735
1AB-2509-0005008,201089733
1AB-2509-0005007,201089730
1AB-2509-0004979,201089726
1AB-2509-0004969,201089672
1AB-2509-0004967,201089668
1AB-2509-0004954,201089663
1AB-2509-0004927,201089638
1AB-2509-0004925,201089635
1AB-2509-0004924,201089634
1AB-2509-0004922,201089633
1AB-2509-0004906,201089624
1AB-2509-0004904,201089619
1AB-2509-0004901,201089618
1AB-2509-0004897,201089617
1AB-2509-0004899,201089616
1AB-2509-0004885,201089610
1AB-2509-0004872,201089605
1AB-2509-0004880,201089601
1AB-2509-0004874,201089595
1AB-2509-0004857,201089594
1AB-2509-0004869,201089590
1AB-2509-0004870,201089587
1AB-2509-0004855,201089578
1AB-2509-0004848,201089576
1AB-2509-0004794,201089550
1AB-2509-0004802,201089544
1AB-2509-0004782,201089521
1AB-2509-0004773,201089517
1AB-2509-0004773,201089853
1AB-2509-0004739,201089490
1AB-2509-0004701,201089441
1AB-2509-0004670,201089416
1AB-2509-0004666,201089413
1AB-2509-0004640,201089405
1AB-2509-0004656,201089400
1AB-2509-0004654,201089399
1AB-2509-0004648,201089391
1AB-2509-0004591,201089343
1AB-2509-0004566,201089333
1AB-2509-0004543,201089300
1AB-2509-0004543,201089846
1AB-2509-0004516,201089275
1AB-2509-0004501,201089254
1AB-2509-0004496,201089248
1AB-2509-0004492,201089245
1AB-2509-0004479,201089244
1AB-2509-0004451,201089232
1AB-2509-0004475,201089229
1AB-2509-0004476,201089227
1AB-2509-0004460,201089222
1AB-2509-0004425,201089204
1AB-2509-0004416,201089176
1AB-2509-0004412,201089174
1AB-2509-0004406,201089169
1AB-2509-0004407,201089168
1AB-2509-0004405,201089167
1AB-2509-0004403,201094595
1AB-2509-0004399,201089164
1AB-2509-0004383,201089162
1AB-2509-0004383,201091092
1AB-2509-0004374,201089148
1AB-2509-0004372,201089146
1AB-2509-0004351,201089131
1AB-2509-0004291,201089083
1AB-2509-0004273,201089051
1AB-2509-0004166,201088949
1AB-2509-0004168,201088942
1AB-2509-0004142,201088909
1AB-2509-0004127,201088905
1AB-2509-0004133,201088903
1AB-2509-0004120,201089683
1AB-2509-0004120,201089682
1AB-2509-0004120,201089021
1AB-2509-0004120,201088900
1AB-2509-0004120,201089020
1AB-2509-0004130,201088897
1AB-2509-0004124,201088893
1AB-2509-0004107,201088887
1AB-2509-0004101,201088880
1AB-2509-0004089,201088877
1AB-2509-0004096,201088872
1AB-2509-0004068,201088856
1AB-2509-0004066,201088854
1AB-2509-0003975,201088775
1AB-2509-0003932,201088747
1AB-2509-0003926,201088742
1AB-2509-0003848,201088724
1AB-2509-0003904,201088710
1AB-2509-0003751,201088593
1AB-2509-0003778,201088580
1AB-2509-0003748,201088554
1AB-2509-0003744,201088553
1AB-2509-0003741,201088552
1AB-2509-0003740,201088550
1AB-2509-0003739,201091541
1AB-2509-0003739,201088549
1AB-2509-0003742,201088548
1AB-2509-0003699,201088535
1AB-2509-0003697,201088530
1AB-2509-0003693,201088529
1AB-2509-0003692,201088528
1AB-2509-0003691,201088525
1AB-2509-0003680,201088517
1AB-2509-0003678,201088516
1AB-2509-0003670,201088510
1AB-2509-0003659,201088506
1AB-2509-0003663,201088504
1AB-2509-0003662,201088503
1AB-2509-0003655,201088479
1AB-2509-0003647,201088475
1AB-2509-0003636,201088469
1AB-2509-0003631,201088467
1AB-2509-0003626,201088461
1AB-2509-0003620,201088458
1AB-2509-0003609,201088454
1AB-2509-0003606,201088453
1AB-2509-0003594,201088448
1AB-2509-0003581,201088443
1AB-2509-0003590,201088439
1AB-2509-0003583,201088435
1AB-2509-0003567,201088424
1AB-2509-0003563,201088421
1AB-2509-0003557,201088418
1AB-2509-0003553,201088417
1AB-2509-0003554,201088415
1AB-2509-0003550,201088414
1AB-2509-0003546,201088411
1AB-2509-0003531,201088410
1AB-2509-0003529,201088405
1AB-2509-0003524,201088397
1AB-2509-0003498,201088396
1AB-2509-0003512,201088395
1AB-2509-0003521,201088394
1AB-2509-0003516,201088393
1AB-2509-0003507,201088388
1AB-2509-0003505,201088386
1AB-2509-0003451,201088377
1AB-2509-0003409,201088375
1AB-2509-0003461,201088358
1AB-2509-0003444,201088356
1AB-2509-0003449,201090605
1AB-2509-0003449,201090604
1AB-2509-0003449,201088321
1AB-2509-0003427,201088297
1AB-2509-0003417,201088291
1AB-2509-0003411,201088279
1AB-2509-0003405,201088276
1AB-2509-0003395,201088272
1AB-2509-0003368,201088269
1AB-2509-0003396,201088267
1AB-2509-0003360,201088253
1AB-2509-0003375,201088248
1AB-2509-0003371,201088245
1AB-2509-0003367,201088242
1AB-2509-0003359,201088197
1AB-2509-0003339,201088194
1AB-2509-0003351,201088192
1AB-2509-0003335,201088189
1AB-2509-0003347,201088188
1AB-2509-0003284,201088143
1AB-2509-0003272,201088130
1AB-2509-0003273,201088129
1AB-2509-0003253,201088126
1AB-2509-0003246,201088110
1AB-2509-0003214,201088077
1AB-2509-0003191,201088076
1AB-2509-0003156,201088072
1AB-2509-0003165,201088066
1AB-2509-0003175,201088065
1AB-2509-0003197,201088059
1AB-2509-0003189,201088055
1AB-2509-0003177,201089720
1AB-2509-0003177,201088044
1AB-2509-0003153,201087920
1AB-2509-0003172,201087919
1AB-2509-0003151,201087912
1AB-2509-0003143,201087910
1AB-2509-0003141,201087908
1AB-2509-0003140,201087905
1AB-2509-0003139,201087903
1AB-2509-0003126,201087899
1AB-2509-0003091,201087889
1AB-2509-0003090,201087888
1AB-2509-0003085,201087885
1AB-2509-0003071,201087873
1AB-2509-0003005,201087813
1AB-2509-0003004,201087812
1AB-2509-0002986,201087803
1AB-2509-0002976,201087773
1AB-2509-0002974,201088221
1AB-2509-0002974,201087772
1AB-2509-0002967,201087767
1AB-2509-0002969,201087766
1AB-2509-0002966,201087764
1AB-2509-0002964,201087762
1AB-2509-0002962,201087760
1AB-2509-0002928,201087737
1AB-2509-0002930,201087735
1AB-2509-0002923,201087728
1AB-2509-0002873,201087708
1AB-2509-0002876,201087700
1AB-2509-0002858,201087693
1AB-2509-0002870,201087690
1AB-2509-0002859,201087660
1AB-2509-0002843,201087655
1AB-2509-0002796,201087626
1AB-2509-0002797,201087625
1AB-2509-0002771,201087622
1AB-2509-0002781,201087599
1AB-2509-0002711,201087593
1AB-2509-0002773,201087587
1AB-2509-0002768,201087583
1AB-2509-0002770,201087582
1AB-2509-0002753,201087581
1AB-2509-0002756,201087569
1AB-2509-0002745,201087568
1AB-2509-0002729,201087564
1AB-2509-0002735,201087563
1AB-2509-0002668,201087543
1AB-2509-0002667,201087533
1AB-2509-0002655,201087531
1AB-2509-0002680,201087529
1AB-2509-0002659,201087507
1AB-2509-0002624,201087503
1AB-2509-0002657,201087494
1AB-2509-0002626,201087459
1AB-2509-0002628,201087458
1AB-2509-0002623,201087454
1AB-2509-0002618,201087451
1AB-2509-0002615,201087450
1AB-2509-0002613,201087449
1AB-2509-0002613,201087985
1AB-2509-0002606,201087447
1AB-2509-0002605,201087445
1AB-2509-0002598,201087442
1AB-2509-0002596,201087438
1AB-2509-0002579,201087433
1AB-2509-0002574,201087428
1AB-2509-0002577,201087426
1AB-2509-0002572,201087422
1AB-2509-0002559,201087397
1AB-2509-0002560,201090618
1AB-2509-0002560,201087395
1AB-2509-0002560,201090617
1AB-2509-0002553,201087393
1AB-2509-0002554,201087390
1AB-2509-0002551,201087389
1AB-2509-0002543,201087385
1AB-2509-0002544,201087383
1AB-2509-0002533,201087378
1AB-2509-0002531,201087376
1AB-2509-0002521,201087372
1AB-2509-0002519,201087368
1AB-2509-0002505,201087364
1AB-2509-0002510,201087363
1AB-2509-0002508,201087362
1AB-2509-0002507,201087361
1AB-2509-0002506,201087359
1AB-2509-0002495,201087357
1AB-2509-0002493,201087355
1AB-2509-0002487,201087354
1AB-2509-0002491,201087350
1AB-2509-0002488,201087349
1AB-2509-0002469,201087348
1AB-2509-0002475,201087344
1AB-2509-0002470,201087340
1AB-2509-0002465,201087334
1AB-2509-0002452,201087326
1AB-2509-0002441,201087324
1AB-2509-0002445,201087301
1AB-2509-0002440,201087298
1AB-2509-0002440,201088236
1AB-2509-0002438,201087297
1AB-2509-0002435,201087295
1AB-2509-0002432,201087292
1AB-2509-0002430,201100351
1AB-2509-0002431,201087288
1AB-2509-0002376,201087284
1AB-2509-0002418,201087283
1AB-2509-0002419,201087282
1AB-2509-0002414,201087261
1AB-2509-0002371,201087257
1AB-2509-0002409,201087302
1AB-2509-0002332,201087252
1AB-2509-0002335,201087200
1AB-2509-0002265,201087194
1AB-2509-0002276,201087191
1AB-2509-0002324,201087189
1AB-2509-0002314,201087180
1AB-2509-0002323,201087179
1AB-2509-0002290,201087178
1AB-2509-0002280,201087171
1AB-2509-0002282,201087166
1AB-2509-0002301,201087164
1AB-2509-0002307,201087162
1AB-2509-0002296,201087160
1AB-2509-0002170,201087145
1AB-2509-0002216,201087114
1AB-2509-0002237,201087111
1AB-2509-0002215,201087057
1AB-2509-0002202,201087040
1AB-2509-0002192,201087037
1AB-2509-0002195,201087033
1AB-2509-0002163,201087021
1AB-2509-0002148,201087019
1AB-2509-0002146,201087018
1AB-2509-0002124,201087014
1AB-2509-0002142,201087010
1AB-2509-0002147,201087009
1AB-2509-0002119,201086993
1AB-2509-0002121,201086992
1AB-2509-0002087,201086971
1AB-2509-0002065,201088484
1AB-2509-0002091,201086962
1AB-2509-0002035,201086961
1AB-2509-0002081,201086960
1AB-2509-0002083,201086958
1AB-2509-0002086,201086957
1AB-2509-0002053,201086946
1AB-2509-0002064,201086945
1AB-2509-0002034,201086942
1AB-2509-0002046,201086937
1AB-2509-0001997,201086935
1AB-2509-0002027,201086930
1AB-2509-0002037,201086929
1AB-2509-0001987,201086897
1AB-2509-0001989,201086892
1AB-2509-0001979,201086891
1AB-2509-0001969,201086883
1AB-2509-0001938,201086878
1AB-2509-0001955,201086874
1AB-2509-0001967,201086872
1AB-2509-0001924,201086830
1AB-2509-0001919,201086829
1AB-2509-0001917,201086826
1AB-2509-0001911,201086820
1AB-2509-0001904,201093319
1AB-2509-0001904,201086816
1AB-2509-0001888,201086803
1AB-2509-0001881,201086798
1AB-2509-0001879,201086797
1AB-2509-0001880,201086796
1AB-2509-0001876,201086793
1AB-2509-0001872,201086790
1AB-2509-0001856,201086789
1AB-2509-0001871,201086788
1AB-2509-0001825,201086784
1AB-2509-0001862,201086778
1AB-2509-0001860,201086777
1AB-2509-0001859,201086776
1AB-2509-0001830,201086772
1AB-2509-0001714,201086666
1AB-2509-0001727,201086663
1AB-2509-0001654,201086580
1AB-2509-0001638,201086574
1AB-2509-0001585,201086515
1AB-2509-0001561,201086511
1AB-2509-0001579,201086509
1AB-2509-0001556,201086495
1AB-2509-0001542,201086487
1AB-2509-0001536,201086485
1AB-2509-0001543,201086479
1AB-2509-0001507,201086451
1AB-2509-0001494,201086441
1AB-2509-0001452,201086439
1AB-2509-0001452,201087309
1AB-2509-0001458,201086414
1AB-2509-0001455,201086408
1AB-2509-0001386,201086406
1AB-2509-0001443,201086402
1AB-2509-0001450,201086380
1AB-2509-0001434,201086376
1AB-2509-0001413,201086365
1AB-2509-0001393,201086345
1AB-2509-0001388,201086340
1AB-2509-0001385,201086335
1AB-2509-0001381,201086325
1AB-2509-0001354,201086312
1AB-2509-0001332,201086284
1AB-2509-0001330,201086282
1AB-2509-0001267,201086265
1AB-2509-0001193,201086238
1AB-2509-0001182,201086182
1AB-2509-0001186,201086163
1AB-2509-0001176,201086162
1AB-2509-0001148,201086123
1AB-2509-0001132,201086107
1AB-2509-0001106,201086101
1AB-2509-0001101,201086093
1AB-2509-0001086,201086082
1AB-2509-0001085,201086061
1AB-2509-0001078,201086060
1AB-2509-0001054,201086057
1AB-2509-0001089,201086055
1AB-2509-0001093,201086054
1AB-2509-0001082,201086048
1AB-2509-0001072,201086043
1AB-2509-0001074,201086042
1AB-2509-0001065,201089711
1AB-2509-0001051,201086024
1AB-2509-0001012,201086020
1AB-2509-0001025,201086001
1AB-2509-0000996,201085989
1AB-2509-0001013,201085988
1AB-2509-0000994,201085956
1AB-2509-0000993,201085955
1AB-2509-0000975,201085942
1AB-2509-0000904,201085934
1AB-2509-0000910,201085930
1AB-2509-0000944,201085929
1AB-2509-0000942,201085928
1AB-2509-0000913,201085925
1AB-2509-0000918,201085923
1AB-2509-0000917,201085900
1AB-2509-0000912,201085899
1AB-2509-0000905,201085898
1AB-2509-0000906,201085896
1AB-2509-0000890,201085893
1AB-2509-0000888,201085891
1AB-2509-0000885,201085887
1AB-2509-0000863,201085880
1AB-2509-0000870,201085878
1AB-2509-0000871,201085875
1AB-2509-0000858,201085868
1AB-2509-0000853,201085865
1AB-2509-0000841,201085851
1AB-2509-0000839,201085847
1AB-2509-0000834,201085846
1AB-2509-0000833,201085843
1AB-2509-0000825,201085838
1AB-2509-0000813,201085831
1AB-2509-0000808,201085829
1AB-2509-0000806,201085828
1AB-2509-0000807,201089855
1AB-2509-0000807,201085827
1AB-2509-0000803,201087463
1AB-2509-0000788,201085825
1AB-2509-0000802,201085824
1AB-2509-0000793,201085820
1AB-2509-0000791,201085818
1AB-2509-0000780,201085810
1AB-2509-0000703,201085779
1AB-2509-0000720,201098480
1AB-2509-0000720,201098481
1AB-2509-0000720,201085776
1AB-2509-0000722,201085757
1AB-2509-0000712,201085747
1AB-2509-0000696,201085742
1AB-2509-0000701,201085736
1AB-2509-0000699,201085734
1AB-2509-0000684,201085731
1AB-2509-0000689,201085729
1AB-2509-0000653,201090045
1AB-2509-0000653,201085722
1AB-2509-0000655,201085705
1AB-2509-0000649,201085703
1AB-2509-0000650,201085636
1AB-2509-0000627,201085625
1AB-2509-0000602,201085595
1AB-2509-0000576,201085529
1AB-2509-0000581,201085524
1AB-2509-0000550,201085522
1AB-2509-0000558,201085514
1AB-2509-0000559,201085508
1AB-2509-0000462,201085502
1AB-2509-0000508,201085482
1AB-2509-0000499,201085448
1AB-2509-0000512,201085447
1AB-2509-0000323,201085444
1AB-2509-0000443,201085421
1AB-2509-0000440,201085378
1AB-2509-0000438,201085364
1AB-2509-0000366,201085347
1AB-2509-0000411,201085345
1AB-2509-0000414,201085342
1AB-2509-0000414,201087619
1AB-2509-0000410,201093534
1AB-2509-0000406,201085335
1AB-2509-0000402,201085333
1AB-2509-0000396,201085327
1AB-2509-0000368,201085322
1AB-2509-0000357,201085306
1AB-2509-0000346,201085298
1AB-2509-0000338,201085279
1AB-2509-0000309,201085271
1AB-2509-0000313,201085268
1AB-2509-0000243,201085256
1AB-2509-0000279,201085251
1AB-2509-0000293,201085248
1AB-2509-0000267,201085237
1AB-2509-0000249,201085212
1AB-2509-0000241,201085204
1AB-2509-0000227,201085193
1AB-2509-0000227,201085175
1AB-2509-0000174,201085191
1AB-2509-0000232,201085190
1AB-2509-0000209,201085188
1AB-2509-0000223,201085186
1AB-2509-0000210,201085154
1AB-2509-0000204,201085153
1AB-2509-0000196,201085150
1AB-2509-0000188,201085146
1AB-2509-0000182,201085143
1AB-2509-0000164,201085032
1AB-2509-0000155,201085031
1AB-2509-0000141,201085027
1AB-2509-0000122,201085007
1AB-2509-0000120,201085006
1AB-2509-0000113,201085000
1AB-2509-0000110,201084997
1AB-2509-0000109,201084996
1AB-2509-0000050,201084943
1AB-2509-0000050,201088341
1AB-2509-0000018,201084932
1AB-2508-0019496,201084927
1AB-2508-0019494,201084896
1AB-2508-0019501,201084895
1AB-2508-0019495,201084894
1AB-2508-0019497,201084893
1AB-2508-0019468,201084875
1AB-2508-0019456,201086390
1AB-2508-0019449,201084868
1AB-2508-0019452,201084863
1AB-2508-0019446,201084861
1AB-2508-0019440,201084856
1AB-2508-0019431,201084854
1AB-2508-0019425,201084848
1AB-2508-0019413,201084844
1AB-2508-0019416,201084842
1AB-2508-0019409,201084841
1AB-2508-0019412,201084840
1AB-2508-0019408,201084837
1AB-2508-0019377,201084836
1AB-2508-0019403,201084835
1AB-2508-0019373,201084809
1AB-2508-0019342,201084780
1AB-2508-0019329,201084767
1AB-2508-0019276,201084747
1AB-2508-0019304,201084745
1AB-2508-0019239,201084686
1AB-2508-0019231,201084678
1AB-2508-0019156,201084626
1AB-2508-0019171,201084624
1AB-2508-0019166,201084615
1AB-2508-0019158,201084606
1AB-2508-0019145,201084604
1AB-2508-0019086,201084573
1AB-2508-0019118,201084572
1AB-2508-0019114,201084570
1AB-2508-0019110,201084567
1AB-2508-0019108,201084564
1AB-2508-0019091,201084561
1AB-2508-0019074,201084536
1AB-2508-0019071,201084533
1AB-2508-0019059,201084530
1AB-2508-0019057,201084524
1AB-2508-0019049,201084519
1AB-2508-0019047,201084518
1AB-2508-0019025,201084501
1AB-2508-0019012,201084489
1AB-2508-0019012,201087241
1AB-2508-0018964,201084451
1AB-2508-0018957,201084445
1AB-2508-0018933,201084429
1AB-2508-0018917,201084426
1AB-2508-0018922,201084422
1AB-2508-0018914,201084416
1AB-2508-0018915,201084414
1AB-2508-0018909,201084412
1AB-2508-0018901,201084408
1AB-2508-0018870,201084384
1AB-2508-0018830,201084358
1AB-2508-0018803,201084338
1AB-2508-0018808,201084334
1AB-2508-0018802,201088032
1AB-2508-0018802,201084333
1AB-2508-0018798,201084327
1AB-2508-0018790,201084321
1AB-2508-0018773,201084305
1AB-2508-0018767,201084303
1AB-2508-0018731,201084273
1AB-2508-0018704,201084255
1AB-2508-0018656,201084213
1AB-2508-0018652,201084210
1AB-2508-0018653,201084209
1AB-2508-0018645,201084205
1AB-2508-0018625,201084195
1AB-2508-0018624,201084193
1AB-2508-0018610,201084187
1AB-2508-0018613,201084180
1AB-2508-0018611,201084179
1AB-2508-0018564,201084178
1AB-2508-0018608,201084177
1AB-2508-0018601,201084171
1AB-2508-0018576,201084167
1AB-2508-0018575,201084166
1AB-2508-0018574,201084165
1AB-2508-0018573,201084164
1AB-2508-0018570,201084162
1AB-2508-0018566,201084161
1AB-2508-0018565,201084157
1AB-2508-0018562,201084155
1AB-2508-0018561,201084154
1AB-2508-0018559,201084152
1AB-2508-0018557,201084150
1AB-2508-0018537,201084144
1AB-2508-0018543,201084140
1AB-2508-0018539,201084136
1AB-2508-0018524,201084126
1AB-2508-0018511,201084122
1AB-2508-0018517,201084098
1AB-2508-0018516,201084095
1AB-2508-0018512,201084092
1AB-2508-0018498,201084088
1AB-2508-0018495,201084084
1AB-2508-0018481,201084080
1AB-2508-0018472,201084073
1AB-2508-0018477,201084070
1AB-2508-0018465,201084063
1AB-2508-0018466,201084062
1AB-2508-0018448,201084050
1AB-2508-0018410,201084036
1AB-2508-0018429,201084035
1AB-2508-0018417,201084034
1AB-2508-0018405,201084022
1AB-2508-0018390,201084009
1AB-2508-0018382,201084003
1AB-2508-0018377,201083996
1AB-2508-0018360,201083983
1AB-2508-0018353,201083980
1AB-2508-0018343,201083968
1AB-2508-0018329,201083962
1AB-2508-0018313,201083958
1AB-2508-0018290,201083952
1AB-2508-0018323,201083949
1AB-2508-0018294,201089705
1AB-2508-0018294,201083931
1AB-2508-0018297,201083925
1AB-2508-0018292,201083920
1AB-2508-0018271,201083903
1AB-2508-0018272,201083902
1AB-2508-0018265,201083897
1AB-2508-0018230,201083888
1AB-2508-0018248,201083887
1AB-2508-0018231,201083873
1AB-2508-0018195,201083862
1AB-2508-0018199,201083861
1AB-2508-0018175,201083849
1AB-2508-0018137,201083794
1AB-2508-0018085,201083791
1AB-2508-0018126,201083771
1AB-2508-0018096,201083763
1AB-2508-0018086,201083738
1AB-2508-0018084,201083732
1AB-2508-0018061,201083730
1AB-2508-0018071,201083729
1AB-2508-0018068,201083725
1AB-2508-0018065,201083718
1AB-2508-0018046,201085550
1AB-2508-0018046,201083714
1AB-2508-0018054,201083704
1AB-2508-0018031,201083700
1AB-2508-0017993,201083666
1AB-2508-0017996,201083663
1AB-2508-0017997,201084911
1AB-2508-0017997,201084912
1AB-2508-0017997,201084913
1AB-2508-0017997,201084914
1AB-2508-0017989,201083658
1AB-2508-0017984,201083652
1AB-2508-0017976,201083649
1AB-2508-0017967,201083646
1AB-2508-0017961,201083642
1AB-2508-0017964,201083621
1AB-2508-0017956,201083615
1AB-2508-0017943,201083609
1AB-2508-0017941,201083607
1AB-2508-0017934,201083604
1AB-2508-0017931,201083601
1AB-2508-0017930,201083600
1AB-2508-0017928,201083599
1AB-2508-0017927,201083597
1AB-2508-0017926,201083596
1AB-2508-0017923,201083593
1AB-2508-0017917,201083588
1AB-2508-0017912,201083587
1AB-2508-0017893,201083565
1AB-2508-0017890,201083561
1AB-2508-0017888,201083560
1AB-2508-0017878,201083549
1AB-2508-0017874,201083546
1AB-2508-0017872,201083544
1AB-2508-0017870,201083542
1AB-2508-0017867,201083541
1AB-2508-0017859,201083538
1AB-2508-0017857,201083533
1AB-2508-0017853,201083531
1AB-2508-0017843,201083521
1AB-2508-0017842,201083520
1AB-2508-0017816,201083517
1AB-2508-0017807,201083515
1AB-2508-0017796,201088240
1AB-2508-0017796,201083506
1AB-2508-0017789,201083502
1AB-2508-0017776,201083489
1AB-2508-0017769,201083488
1AB-2508-0017759,201083487
1AB-2508-0017752,201083458
1AB-2508-0017756,201083456
1AB-2508-0017755,201083453
1AB-2508-0017751,201083450
1AB-2508-0017744,201083443
1AB-2508-0017737,201083441
1AB-2508-0017726,201083436
1AB-2508-0017729,201083435
1AB-2508-0017710,201083430
1AB-2508-0017692,201083403
1AB-2508-0017681,201083396
1AB-2508-0017654,201085547
1AB-2508-0017654,201083392
1AB-2508-0017671,201083391
1AB-2508-0017672,201083390
1AB-2508-0017656,201083389
1AB-2508-0017669,201083387
1AB-2508-0017662,201083386
1AB-2508-0017667,201083383
1AB-2508-0017660,201083360
1AB-2508-0017605,201083350
1AB-2508-0017624,201083337
1AB-2508-0017609,201083323
1AB-2508-0017607,201083319
1AB-2508-0017606,201083318
1AB-2508-0017602,201083316
1AB-2508-0017573,201083303
1AB-2508-0017531,201097648
1AB-2508-0017531,201097647
1AB-2508-0017531,201083291
1AB-2508-0017565,201083290
1AB-2508-0017552,201084917
1AB-2508-0017552,201084915
1AB-2508-0017552,201087662
1AB-2508-0017552,201084916
1AB-2508-0017550,201083276
1AB-2508-0017513,201083263
1AB-2508-0017525,201083261
1AB-2508-0017521,201083258
1AB-2508-0017522,201083257
1AB-2508-0017520,201083255
1AB-2508-0017503,201083252
1AB-2508-0017492,201083234
1AB-2508-0017475,201083220
1AB-2508-0017467,201083212
1AB-2508-0017467,201098296
1AB-2508-0017440,201083210
1AB-2508-0017445,201083206
1AB-2508-0017455,201083205
1AB-2508-0017447,201083196
1AB-2508-0017441,201083193
1AB-2508-0017428,201083189
1AB-2508-0017425,201083187
1AB-2508-0017427,201083184
1AB-2508-0017423,201083182
1AB-2508-0017384,201083105
1AB-2508-0017394,201083100
1AB-2508-0017375,201083096
1AB-2508-0017368,201083092
1AB-2508-0017355,201083086
1AB-2508-0017352,201083085
1AB-2508-0017343,201083057
1AB-2508-0017327,201083044
1AB-2508-0017322,201083042
1AB-2508-0017299,201083018
1AB-2508-0017296,201083017
1AB-2508-0017279,201083015
1AB-2508-0017279,201083625
1AB-2508-0017293,201083013
1AB-2508-0017287,201083012
1AB-2508-0017284,201083009
1AB-2508-0017278,201083006
1AB-2508-0017271,201083000
1AB-2508-0017235,201082966
1AB-2508-0017232,201082962
1AB-2508-0017218,201082956
1AB-2508-0017214,201082955
1AB-2508-0017206,201082952
1AB-2508-0017210,201082951
1AB-2508-0017202,201082946
1AB-2508-0017185,201082936
1AB-2508-0017180,201082931
1AB-2508-0017166,201082921
1AB-2508-0017158,201082919
1AB-2508-0017161,201082917
1AB-2508-0017160,201082915
1AB-2508-0017147,201082911
1AB-2508-0017132,201082910
1AB-2508-0017146,201085162
1AB-2508-0017146,201085163
1AB-2508-0017146,201085141
1AB-2508-0017146,201085140
1AB-2508-0017146,201085139
1AB-2508-0017146,201085138
1AB-2508-0017146,201085137
1AB-2508-0017146,201085135
1AB-2508-0017146,201085134
1AB-2508-0017146,201085133
1AB-2508-0017146,201085132
1AB-2508-0017146,201085130
1AB-2508-0017146,201085129
1AB-2508-0017146,201085128
1AB-2508-0017146,201082909
1AB-2508-0017142,201082908
1AB-2508-0017136,201082907
1AB-2508-0017109,201082893
1AB-2508-0017046,201082892
1AB-2508-0017046,201085048
1AB-2508-0017102,201082884
1AB-2508-0017095,201082883
1AB-2508-0017110,201082861
1AB-2508-0017088,201082854
1AB-2508-0016969,201082845
1AB-2508-0017054,201082833
1AB-2508-0017005,201082777
1AB-2508-0017003,201082770
1AB-2508-0016958,201082741
1AB-2508-0016911,201082739
1AB-2508-0016956,201082738
1AB-2508-0016961,201082736
1AB-2508-0016959,201082734
1AB-2508-0016945,201082725
1AB-2508-0016943,201082723
1AB-2508-0016914,201082698
1AB-2508-0016909,201082694
1AB-2508-0016907,201082717
1AB-2508-0016907,201082718
1AB-2508-0016907,201082720
1AB-2508-0016907,201082707
1AB-2508-0016907,201082708
1AB-2508-0016907,201082716
1AB-2508-0016907,201082713
1AB-2508-0016907,201082712
1AB-2508-0016907,201082711
1AB-2508-0016907,201082710
1AB-2508-0016907,201082709
1AB-2508-0016907,201082714
1AB-2508-0016903,201082688
1AB-2508-0016903,201099748
1AB-2508-0016903,201099749
1AB-2508-0016903,201099750
1AB-2508-0016903,201099751
1AB-2508-0016903,201099752
1AB-2508-0016903,201099753
1AB-2508-0016903,201099754
1AB-2508-0016903,201099755
1AB-2508-0016903,201099756
1AB-2508-0016903,201099757
1AB-2508-0016903,201099758
1AB-2508-0016903,201099759
1AB-2508-0016903,201099760
1AB-2508-0016903,201099761
1AB-2508-0016903,201099762
1AB-2508-0016903,201099763
1AB-2508-0016903,201099764
1AB-2508-0016903,201099765
1AB-2508-0016903,201099766
1AB-2508-0016903,201099767
1AB-2508-0016903,201099768
1AB-2508-0016901,201082687
1AB-2508-0016890,201082661
1AB-2508-0016892,201082660
1AB-2508-0016883,201082658
1AB-2508-0016849,201082653
1AB-2508-0016856,201082636
1AB-2508-0016812,201082605
1AB-2508-0016816,201082599
1AB-2508-0016780,201082597
1AB-2508-0016783,201082580
1AB-2508-0016768,201082573
1AB-2508-0016764,201082572
1AB-2508-0016757,201082571
1AB-2508-0016748,201082570
1AB-2508-0016758,201082566
1AB-2508-0016760,201082562
1AB-2508-0016705,201082541
1AB-2508-0016712,201082528
1AB-2508-0016709,201082527
1AB-2508-0016715,201082525
1AB-2508-0016711,201082523
1AB-2508-0016670,201082519
1AB-2508-0016702,201082517
1AB-2508-0016685,201082511
1AB-2508-0016684,201082507
1AB-2508-0016675,201082500
1AB-2508-0016673,201082492
1AB-2508-0016638,201082460
1AB-2508-0016637,201082459
1AB-2508-0016632,201082453
1AB-2508-0016632,201091920
1AB-2508-0016622,201082447
1AB-2508-0016608,201082441
1AB-2508-0016607,201082440
1AB-2508-0016606,201082439
1AB-2508-0016597,201082430
1AB-2508-0016596,201082429
1AB-2508-0016595,201082428
1AB-2508-0016593,201082426
1AB-2508-0016591,201082424
1AB-2508-0016577,201082414
1AB-2508-0016575,201082412
1AB-2508-0016571,201082408
1AB-2508-0016554,201082406
1AB-2508-0016566,201082402
1AB-2508-0016556,201082395
1AB-2508-0016550,201082390
1AB-2508-0016549,201082389
1AB-2508-0016548,201082388
1AB-2508-0016547,201082387
1AB-2508-0016545,201082385
1AB-2508-0016540,201082380
1AB-2508-0016538,201085063
1AB-2508-0016538,201082378
1AB-2508-0016538,201085071
1AB-2508-0016538,201085072
1AB-2508-0016536,201082377
1AB-2508-0016521,201082369
1AB-2508-0016513,201082361
1AB-2508-0016518,201082360
1AB-2508-0016505,201082354
1AB-2508-0016506,201082351
1AB-2508-0016498,201082349
1AB-2508-0016497,201082346
1AB-2508-0016501,201082345
1AB-2508-0016492,201082341
1AB-2508-0016484,201082338
1AB-2508-0016479,201082337
1AB-2508-0016440,201082330
1AB-2508-0016443,201087974
1AB-2508-0016443,201087973
1AB-2508-0016443,201087972
1AB-2508-0016443,201087971
1AB-2508-0016443,201087969
1AB-2508-0016443,201082307
1AB-2508-0016443,201087975
1AB-2508-0016443,201087980
1AB-2508-0016443,201087978
1AB-2508-0016443,201087977
1AB-2508-0016443,201087976
1AB-2508-0016420,201082669
1AB-2508-0016420,201082304
1AB-2508-0016424,201082300
1AB-2508-0016417,201082290
1AB-2508-0016405,201082288
1AB-2508-0016376,201082284
1AB-2508-0016375,201082263
1AB-2508-0016374,201082259
1AB-2508-0016333,201082238
1AB-2508-0016365,201082237
1AB-2508-0016349,201082228
1AB-2508-0016311,201082205
1AB-2508-0016307,201082200
1AB-2508-0016257,201082193
1AB-2508-0016284,201082138
1AB-2508-0016281,201085087
1AB-2508-0016281,201085096
1AB-2508-0016281,201085081
1AB-2508-0016281,201085079
1AB-2508-0016281,201085073
1AB-2508-0016238,201082124
1AB-2508-0016229,201082117
1AB-2508-0016236,201082116
1AB-2508-0016230,201082113
1AB-2508-0016226,201082103
1AB-2508-0016210,201082101
1AB-2508-0016188,201082091
1AB-2508-0016165,201082067
1AB-2508-0016163,201082065
1AB-2508-0016156,201082060
1AB-2508-0016146,201082056
1AB-2508-0016137,201082055
1AB-2508-0016125,201081960
1AB-2508-0016116,201081956
1AB-2508-0016108,201081948
1AB-2508-0016109,201081947
1AB-2508-0016034,201081930
1AB-2508-0016091,201081927
1AB-2508-0016024,201081849
1AB-2508-0016010,201081847
1AB-2508-0015988,201081835
1AB-2508-0016007,201081834
1AB-2508-0015995,201081831
1AB-2508-0015974,201081815
1AB-2508-0015961,201081811
1AB-2508-0015969,201081810
1AB-2508-0015944,201081800
1AB-2508-0015934,201081790
1AB-2508-0015932,201081786
1AB-2508-0015923,201081781
1AB-2508-0015895,201081756
1AB-2508-0015863,201081722
1AB-2508-0015861,201081720
1AB-2508-0015856,201081718
1AB-2508-0015847,201081711
1AB-2508-0015845,201081709
1AB-2508-0015844,201081708
1AB-2508-0015843,201081707
1AB-2508-0015842,201081705
1AB-2508-0015835,201081703
1AB-2508-0015833,201081696
1AB-2508-0015752,201081690
1AB-2508-0015821,201081685
1AB-2508-0015773,201081677
1AB-2508-0015781,201081649
1AB-2508-0015778,201081646
1AB-2508-0015763,201081645
1AB-2508-0015772,201081644
1AB-2508-0015776,201081643
1AB-2508-0015753,201081635
1AB-2508-0015756,201081627
1AB-2508-0015715,201081620
1AB-2508-0015729,201081603
1AB-2508-0015694,201081581
1AB-2508-0015686,201081579
1AB-2508-0015687,201081577
1AB-2508-0015685,201081576
1AB-2508-0015665,201081565
1AB-2508-0015663,201081563
1AB-2508-0015600,201081531
1AB-2508-0015619,201081520
1AB-2508-0015624,201081515
1AB-2508-0015610,201081504
1AB-2508-0015558,201081484
1AB-2508-0015530,201081459
1AB-2508-0015520,201081452
1AB-2508-0015525,201081444
1AB-2508-0015505,201081440
1AB-2508-0015517,201081436
1AB-2508-0015498,201081435
1AB-2508-0015500,201081427
1AB-2508-0015502,201081424
1AB-2508-0015495,201086383
1AB-2508-0015489,201081395
1AB-2508-0015482,201081394
1AB-2508-0015480,201081390
1AB-2508-0015459,201081377
1AB-2508-0015456,201081374
1AB-2508-0015452,201081368
1AB-2508-0015446,201081365
1AB-2508-0015417,201081359
1AB-2508-0015416,201081356
1AB-2508-0015402,201081348
1AB-2508-0015393,201081339
1AB-2508-0015386,201081336
1AB-2508-0015342,201081334
1AB-2508-0015348,201081332
1AB-2508-0015335,201081325
1AB-2508-0015338,201093174
1AB-2508-0015338,201081321
1AB-2508-0015319,201081308
1AB-2508-0015302,201081304
1AB-2508-0015299,201081259
1AB-2508-0015301,201081258
1AB-2508-0015300,201081255
1AB-2508-0015293,201081254
1AB-2508-0015278,201081248
1AB-2508-0015262,201081246
1AB-2508-0015260,201081238
1AB-2508-0015257,201081234
1AB-2508-0015253,201081232
1AB-2508-0015233,201081222
1AB-2508-0015225,201081211
1AB-2508-0015220,201081210
1AB-2508-0015215,201081205
1AB-2508-0015213,201091535
1AB-2508-0015207,201081199
1AB-2508-0015201,201081196
1AB-2508-0015189,201081186
1AB-2508-0015186,201081180
1AB-2508-0015178,201081176
1AB-2508-0015169,201081168
1AB-2508-0015148,201081154
1AB-2508-0015133,201081148
1AB-2508-0015132,201081147
1AB-2508-0015142,201081146
1AB-2508-0015141,201081145
1AB-2508-0015111,201081140
1AB-2508-0015130,201081139
1AB-2508-0015118,201081137
1AB-2508-0015122,201081136
1AB-2508-0015117,201081129
1AB-2508-0015107,201081125
1AB-2508-0015103,201081122
1AB-2508-0015100,201081120
1AB-2508-0015086,201081111
1AB-2508-0015071,201081110
1AB-2508-0015073,201081104
1AB-2508-0015066,201081099
1AB-2508-0015064,201081096
1AB-2508-0015061,201081095
1AB-2508-0015062,201081093
1AB-2508-0015060,201081091
1AB-2508-0015058,201081090
1AB-2508-0015053,201081082
1AB-2508-0015052,201081080
1AB-2508-0015001,201081046
1AB-2508-0014972,201081001
1AB-2508-0014943,201080993
1AB-2508-0014958,201080981
1AB-2508-0014945,201080963
1AB-2508-0014924,201080948
1AB-2508-0014890,201080936
1AB-2508-0014901,201080929
1AB-2508-0014856,201080927
1AB-2508-0014897,201080923
1AB-2508-0014872,201080920
1AB-2508-0014876,201080913
1AB-2508-0014860,201080899
1AB-2508-0014846,201080890
1AB-2508-0014843,201080885
1AB-2508-0014841,201080882
1AB-2508-0014834,201080879
1AB-2508-0014822,201080870
1AB-2508-0014811,201080858
1AB-2508-0014806,201080856
1AB-2508-0014802,201080852
1AB-2508-0014782,201080836
1AB-2508-0014777,201081280
1AB-2508-0014763,201080826
1AB-2508-0014760,201080825
1AB-2508-0014746,201080819
1AB-2508-0014743,201080817
1AB-2508-0014721,201080805
1AB-2508-0014698,201080784
1AB-2508-0014684,201080767
1AB-2508-0014676,201080766
1AB-2508-0014673,201080758
1AB-2508-0014663,201080747
1AB-2508-0014655,201080741
1AB-2508-0014639,201080740
1AB-2508-0014647,201080736
1AB-2508-0014616,201080735
1AB-2508-0014634,201080728
1AB-2508-0014626,201080719
1AB-2508-0014590,201080691
1AB-2508-0014566,201080669
1AB-2508-0014563,201080664
1AB-2508-0014561,201080661
1AB-2508-0014550,201080655
1AB-2508-0014547,201080652
1AB-2508-0014512,201080637
1AB-2508-0014505,201080628
1AB-2508-0014517,201080623
1AB-2508-0014500,201080617
1AB-2508-0014488,201080613
1AB-2508-0014482,201080599
1AB-2508-0014480,201080592
1AB-2508-0014470,201080591
1AB-2508-0014465,201080581
1AB-2508-0014445,201080580
1AB-2508-0014442,201080570
1AB-2508-0014446,201080568
1AB-2508-0014432,201080564
1AB-2508-0014428,201080560
1AB-2508-0014423,201080554
1AB-2508-0014408,201080544
1AB-2508-0014391,201080543
1AB-2508-0014403,201080542
1AB-2508-0014404,201080539
1AB-2508-0014396,201080533
1AB-2508-0014389,201080530
1AB-2508-0014388,201080529
1AB-2508-0014351,201080523
1AB-2508-0014348,201080519
1AB-2508-0014346,201080518
1AB-2508-0014343,201080516
1AB-2508-0014336,201080510
1AB-2508-0014302,201080482
1AB-2508-0014298,201080481
1AB-2508-0014293,201080476
1AB-2508-0014284,201080475
1AB-2508-0014289,201080474
1AB-2508-0014267,201080455
1AB-2508-0014264,201080450
1AB-2508-0014240,201080449
1AB-2508-0014251,201080446
1AB-2508-0014245,201080421
1AB-2508-0014235,201082035
1AB-2508-0014235,201082036
1AB-2508-0014228,201080410
1AB-2508-0014212,201080404
1AB-2508-0014195,201080385
1AB-2508-0014142,201080342
1AB-2508-0014128,201080327
1AB-2508-0014103,201080312
1AB-2508-0014071,201080291
1AB-2508-0014038,201080290
1AB-2508-0014059,201080259
1AB-2508-0014029,201080248
1AB-2508-0014033,201080247
1AB-2508-0014001,201080220
1AB-2508-0014004,201080212
1AB-2508-0013991,201080204
1AB-2508-0013994,201080203
1AB-2508-0013990,201080199
1AB-2508-0013958,201080191
1AB-2508-0013953,201080186
1AB-2508-0013942,201080178
1AB-2508-0013938,201080174
1AB-2508-0013935,201080173
1AB-2508-0013926,201080167
1AB-2508-0013920,201080166
1AB-2508-0013905,201080097
1AB-2508-0013900,201080155
1AB-2508-0013900,201080157
1AB-2508-0013900,201080156
1AB-2508-0013900,201080158
1AB-2508-0013900,201080161
1AB-2508-0013900,201080160
1AB-2508-0013900,201080159
1AB-2508-0013900,201080154
1AB-2508-0013900,201080153
1AB-2508-0013900,201080152
1AB-2508-0013900,201080225
1AB-2508-0013900,201080222
1AB-2508-0013907,201080088
1AB-2508-0013882,201080084
1AB-2508-0013890,201080083
1AB-2508-0013849,201080071
1AB-2508-0013823,201079977
1AB-2508-0013836,201079976
1AB-2508-0013815,201079965
1AB-2508-0013810,201079964
1AB-2508-0013804,201079961
1AB-2508-0013803,201079960
1AB-2508-0013800,201079956
1AB-2508-0013798,201079955
1AB-2508-0013797,201079954
1AB-2508-0013782,201079952
1AB-2508-0013780,201079951
1AB-2508-0013786,201079948
1AB-2508-0013789,201079947
1AB-2508-0013776,201083065
1AB-2508-0013776,201079938
1AB-2508-0013761,201079929
1AB-2508-0013685,201079862
1AB-2508-0013666,201079845
1AB-2508-0013651,201079821
1AB-2508-0013637,201079807
1AB-2508-0013612,201079792
1AB-2508-0013600,201079786
1AB-2508-0013571,201079771
1AB-2508-0013562,201079770
1AB-2508-0013560,201079763
1AB-2508-0013559,201079762
1AB-2508-0013554,201079740
1AB-2508-0013552,201079739
1AB-2508-0013546,201079733
1AB-2508-0013511,201079723
1AB-2508-0013507,201079721
1AB-2508-0013510,201079720
1AB-2508-0013440,201079719
1AB-2508-0013385,201079677
1AB-2508-0013443,201079668
1AB-2508-0013373,201079643
1AB-2508-0013382,201079589
1AB-2508-0013357,201079554
1AB-2508-0013295,201079503
1AB-2508-0013293,201080054
1AB-2508-0013293,201079498
1AB-2508-0013293,201080053
1AB-2508-0013293,201083167
1AB-2508-0013288,201079494
1AB-2508-0013267,201079491
1AB-2508-0013280,201079487
1AB-2508-0013272,201079480
1AB-2508-0013271,201081988
1AB-2508-0013271,201081989
1AB-2508-0013271,201081990
1AB-2508-0013271,201081991
1AB-2508-0013271,201081992
1AB-2508-0013271,201081993
1AB-2508-0013271,201081994
1AB-2508-0013271,201081996
1AB-2508-0013271,201081997
1AB-2508-0013271,201081978
1AB-2508-0013271,201081980
1AB-2508-0013271,201081979
1AB-2508-0013271,201081977
1AB-2508-0013271,201079479
1AB-2508-0013271,201081981
1AB-2508-0013271,201081982
1AB-2508-0013271,201081983
1AB-2508-0013271,201081985
1AB-2508-0013271,201081986
1AB-2508-0013271,201081987
1AB-2508-0013262,201079478
1AB-2508-0013262,201091691
1AB-2508-0013264,201079476
1AB-2508-0013245,201079463
1AB-2508-0013249,201079462
1AB-2508-0013232,201079454
1AB-2508-0013221,201079447
1AB-2508-0013219,201079443
1AB-2508-0013173,201079431
1AB-2508-0013178,201079404
1AB-2508-0013155,201079373
1AB-2508-0013150,201081558
1AB-2508-0013150,201079369
1AB-2508-0013150,201081557
1AB-2508-0013140,201079368
1AB-2508-0013136,201079365
1AB-2508-0013129,201079337
1AB-2508-0013088,201079324
1AB-2508-0013105,201079314
1AB-2508-0013101,201079313
1AB-2508-0013089,201079344
1AB-2508-0013089,201079345
1AB-2508-0013093,201079307
1AB-2508-0013078,201079305
1AB-2508-0013069,201079300
1AB-2508-0013056,201079289
1AB-2508-0013038,201079277
1AB-2508-0013036,201079276
1AB-2508-0013037,201079275
1AB-2508-0013029,201079270
1AB-2508-0013024,201079268
1AB-2508-0013015,201079259
1AB-2508-0012991,201079242
1AB-2508-0012962,201079226
1AB-2508-0012953,201079223
1AB-2508-0012955,201079200
1AB-2508-0012939,201079192
1AB-2508-0012935,201079189
1AB-2508-0012930,201079187
1AB-2508-0012933,201079182
1AB-2508-0012919,201079177
1AB-2508-0012909,201079171
1AB-2508-0012908,201079170
1AB-2508-0012880,201079169
1AB-2508-0012874,201079167
1AB-2508-0012878,201079162
1AB-2508-0012862,201079159
1AB-2508-0012864,201079157
1AB-2508-0012870,201079156
1AB-2508-0012866,201079154
1AB-2508-0012856,201079148
1AB-2508-0012838,201079134
1AB-2508-0012834,201079133
1AB-2508-0012832,201079130
1AB-2508-0012826,201079124
1AB-2508-0012786,201079071
1AB-2508-0012750,201079070
1AB-2508-0012754,201079068
1AB-2508-0012763,201097122
1AB-2508-0012763,201097121
1AB-2508-0012763,201079064
1AB-2508-0012763,201097119
1AB-2508-0012763,201097120
1AB-2508-0012753,201079055
1AB-2508-0012742,201079052
1AB-2508-0012734,201079049
1AB-2508-0012649,201079041
1AB-2508-0012730,201079040
1AB-2508-0012722,201079038
1AB-2508-0012711,201079037
1AB-2508-0012669,201079030
1AB-2508-0012695,201079024
1AB-2508-0012681,201079023
1AB-2508-0012679,201079014
1AB-2508-0012672,201079006
1AB-2508-0012661,201079001
1AB-2508-0012655,201078995
1AB-2508-0012639,201078992
1AB-2508-0012636,201078977
1AB-2508-0012618,201078973
1AB-2508-0012590,201078951
1AB-2508-0012542,201078911
1AB-2508-0012546,201078908
1AB-2508-0012540,201078887
1AB-2508-0012535,201078882
1AB-2508-0012522,201078838
1AB-2508-0012497,201078836
1AB-2508-0012514,201078833
1AB-2508-0012508,201078831
1AB-2508-0012507,201078829
1AB-2508-0012478,201078826
1AB-2508-0012500,201078825
1AB-2508-0012495,201078823
1AB-2508-0012483,201078819
1AB-2508-0012468,201078804
1AB-2508-0012462,201078802
1AB-2508-0012441,201078775
1AB-2508-0012445,201078773
1AB-2508-0012437,201078770
1AB-2508-0012433,201078767
1AB-2508-0012432,201078766
1AB-2508-0012425,201078762
1AB-2508-0012423,201078761
1AB-2508-0012399,201085697
1AB-2508-0012399,201085696
1AB-2508-0012399,201085695
1AB-2508-0012399,201085698
1AB-2508-0012399,201085699
1AB-2508-0012399,201085700
1AB-2508-0012399,201085701
1AB-2508-0012399,201085902
1AB-2508-0012399,201085904
1AB-2508-0012399,201085903
1AB-2508-0012399,201085905
1AB-2508-0012399,201085693
1AB-2508-0012399,201078758
1AB-2508-0012399,201085906
1AB-2508-0012395,201078754
1AB-2508-0012390,201078749
1AB-2508-0012364,201078745
1AB-2508-0012377,201078741
1AB-2508-0012376,201081412
1AB-2508-0012376,201081409
1AB-2508-0012376,201078740
1AB-2508-0012372,201078737
1AB-2508-0012369,201078734
1AB-2508-0012367,201078733
1AB-2508-0012362,201078730
1AB-2508-0012359,201078729
1AB-2508-0012359,201098287
1AB-2508-0012346,201078725
1AB-2508-0012308,201078707
1AB-2508-0012319,201078706
1AB-2508-0012280,201078686
1AB-2508-0012264,201078678
1AB-2508-0012262,201078672
1AB-2508-0012254,201078667
1AB-2508-0012252,201078666
1AB-2508-0012248,201078665
1AB-2508-0012241,201078662
1AB-2508-0012229,201078634
1AB-2508-0012211,201078619
1AB-2508-0012181,201078580
1AB-2508-0012181,201081405
1AB-2508-0012179,201078578
1AB-2508-0012176,201078577
1AB-2508-0012141,201078560
1AB-2508-0012134,201078557
1AB-2508-0012143,201078553
1AB-2508-0012129,201078548
1AB-2508-0012112,201078546
1AB-2508-0012093,201078542
1AB-2508-0012110,201078533
1AB-2508-0012107,201078528
1AB-2508-0012087,201078523
1AB-2508-0012076,201090981
1AB-2508-0012043,201089717
1AB-2508-0012043,201079112
1AB-2508-0012043,201078504
1AB-2508-0012025,201078498
1AB-2508-0012035,201078495
1AB-2508-0012045,201087311
1AB-2508-0012032,201078485
1AB-2508-0012021,201078482
1AB-2508-0011988,201078460
1AB-2508-0011999,201078450
1AB-2508-0011938,201078414
1AB-2508-0011968,201078410
1AB-2508-0011957,201078407
1AB-2508-0011963,201078403
1AB-2508-0011960,201078402
1AB-2508-0011940,201078374
1AB-2508-0011927,201078365
1AB-2508-0011930,201078364
1AB-2508-0011918,201078356
1AB-2508-0011908,201078346
1AB-2508-0011900,201078798
1AB-2508-0011900,201078855
1AB-2508-0011900,201078853
1AB-2508-0011900,201078852
1AB-2508-0011900,201078797
1AB-2508-0011900,201078857
1AB-2508-0011900,201078799
1AB-2508-0011900,201078800
1AB-2508-0011900,201078801
1AB-2508-0011900,201078842
1AB-2508-0011900,201078843
1AB-2508-0011900,201078844
1AB-2508-0011900,201078845
1AB-2508-0011900,201078846
1AB-2508-0011900,201078847
1AB-2508-0011900,201078849
1AB-2508-0011900,201078850
1AB-2508-0011900,201078851
1AB-2508-0011896,201078340
1AB-2508-0011893,201078337
1AB-2508-0011890,201078333
1AB-2508-0011874,201078324
1AB-2508-0011867,201078322
1AB-2508-0011865,201078318
1AB-2508-0011859,201078314
1AB-2508-0011828,201078292
1AB-2508-0011830,201078288
1AB-2508-0011821,201078285
1AB-2508-0011816,201078281
1AB-2508-0011801,201078272
1AB-2508-0011800,201078268
1AB-2508-0011798,201078266
1AB-2508-0011797,201078265
1AB-2508-0011785,201078259
1AB-2508-0011783,201078256
1AB-2508-0011755,201078243
1AB-2508-0011737,201078237
1AB-2508-0011749,201078588
1AB-2508-0011728,201078386
1AB-2508-0011728,201078226
1AB-2508-0011702,201078187
1AB-2508-0011703,201078185
1AB-2508-0011709,201078183
1AB-2508-0011709,201088338
1AB-2508-0011709,201088325
1AB-2508-0011709,201088327
1AB-2508-0011709,201088328
1AB-2508-0011709,201088329
1AB-2508-0011709,201088330
1AB-2508-0011709,201088331
1AB-2508-0011709,201088332
1AB-2508-0011709,201088333
1AB-2508-0011709,201088334
1AB-2508-0011709,201088335
1AB-2508-0011709,201088336
1AB-2508-0011709,201088337
1AB-2508-0011706,201078182
1AB-2508-0011705,201088234
1AB-2508-0011705,201088235
1AB-2508-0011705,201078160
1AB-2508-0011705,201088223
1AB-2508-0011705,201088224
1AB-2508-0011705,201088225
1AB-2508-0011705,201088226
1AB-2508-0011705,201088227
1AB-2508-0011705,201088228
1AB-2508-0011705,201088229
1AB-2508-0011705,201088230
1AB-2508-0011705,201088231
1AB-2508-0011705,201088232
1AB-2508-0011705,201088233
1AB-2508-0011606,201078125
1AB-2508-0011593,201078102
1AB-2508-0011593,201082020
1AB-2508-0011579,201078038
1AB-2508-0011559,201078036
1AB-2508-0011571,201078032
1AB-2508-0011550,201078027
1AB-2508-0011536,201078023
1AB-2508-0011555,201078021
1AB-2508-0011532,201078017
1AB-2508-0011512,201078006
1AB-2508-0011492,201077919
1AB-2508-0011482,201077907
1AB-2508-0011472,201077905
1AB-2508-0011442,201077899
1AB-2508-0011446,201077887
1AB-2508-0011447,201077886
1AB-2508-0011441,201077836
1AB-2508-0011425,201077827
1AB-2508-0011426,201077826
1AB-2508-0011423,201077823
1AB-2508-0011397,201077732
1AB-2508-0011365,201077726
1AB-2508-0011368,201077717
1AB-2508-0011347,201077708
1AB-2508-0011316,201077641
1AB-2508-0011303,201077634
1AB-2508-0011296,201077630
1AB-2508-0011267,201077605
1AB-2508-0011264,201077604
1AB-2508-0011259,201077598
1AB-2508-0011248,201077590
1AB-2508-0011247,201077588
1AB-2508-0011238,201077582
1AB-2508-0011231,201077577
1AB-2508-0011221,201077572
1AB-2508-0011198,201077555
1AB-2508-0011189,201078048
1AB-2508-0011166,201077525
1AB-2508-0011163,201077520
1AB-2508-0011159,201077644
1AB-2508-0011159,201077360
1AB-2508-0011159,201077358
1AB-2508-0011159,201077357
1AB-2508-0011159,201077660
1AB-2508-0011159,201077659
1AB-2508-0011159,201077657
1AB-2508-0011159,201077656
1AB-2508-0011159,201077652
1AB-2508-0011159,201077651
1AB-2508-0011159,201077645
1AB-2508-0011151,201077515
1AB-2508-0011138,201077501
1AB-2508-0011118,201077493
1AB-2508-0011107,201077490
1AB-2508-0011115,201077489
1AB-2508-0011113,201077488
1AB-2508-0011111,201077486
1AB-2508-0011108,201077482
1AB-2508-0011101,201077480
1AB-2508-0011073,201077474
1AB-2508-0011088,201079221
1AB-2508-0011088,201077467
1AB-2508-0011085,201079753
1AB-2508-0011085,201077466
1AB-2508-0011059,201077453
1AB-2508-0011047,201077445
1AB-2508-0011019,201077419
1AB-2508-0011015,201077417
1AB-2508-0011007,201077410
1AB-2508-0010999,201077403
1AB-2508-0010994,201077400
1AB-2508-0010985,201077394
1AB-2508-0010959,201077379
1AB-2508-0010969,201077377
1AB-2508-0010957,201077373
1AB-2508-0010949,201077369
1AB-2508-0010936,201077363
1AB-2508-0010920,201077334
1AB-2508-0010929,201077332
1AB-2508-0010909,201077320
1AB-2508-0010909,201079121
1AB-2508-0010897,201077318
1AB-2508-0010897,201079120
1AB-2508-0010904,201077317
1AB-2508-0010899,201077315
1AB-2508-0010903,201077314
1AB-2508-0010896,201077313
1AB-2508-0010895,201077312
1AB-2508-0010886,201077305
1AB-2508-0010876,201077300
1AB-2508-0010868,201077298
1AB-2508-0010874,201077296
1AB-2508-0010840,201077279
1AB-2508-0010834,201077275
1AB-2508-0010822,201077264
1AB-2508-0010816,201077262
1AB-2508-0010796,201077248
1AB-2508-0010795,201077247
1AB-2508-0010792,201077244
1AB-2508-0010772,201077227
1AB-2508-0010753,201077223
1AB-2508-0010751,201077218
1AB-2508-0010736,201077203
1AB-2508-0010735,201081408
1AB-2508-0010735,201077202
1AB-2508-0010735,201081407
1AB-2508-0010707,201077196
1AB-2508-0010724,201077194
1AB-2508-0010685,201077167
1AB-2508-0010654,201077139
1AB-2508-0010628,201077133
1AB-2508-0010538,201077090
1AB-2508-0010595,201077082
1AB-2508-0010578,201077065
1AB-2508-0010522,201077022
1AB-2508-0010525,201077019
1AB-2508-0010519,201077014
1AB-2508-0010499,201077001
1AB-2508-0010492,201076999
1AB-2508-0010473,201076974
1AB-2508-0010463,201076971
1AB-2508-0010466,201076970
1AB-2508-0010439,201076963
1AB-2508-0010419,201076955
1AB-2508-0010411,201076950
1AB-2508-0010408,201076948
1AB-2508-0010384,201076929
1AB-2508-0010376,201077864
1AB-2508-0010376,201076926
1AB-2508-0010376,201077878
1AB-2508-0010376,201077926
1AB-2508-0010376,201077927
1AB-2508-0010376,201077870
1AB-2508-0010359,201076912
1AB-2508-0010354,201076909
1AB-2508-0010340,201076908
1AB-2508-0010299,201076875
1AB-2508-0010297,201076862
1AB-2508-0010305,201076861
1AB-2508-0010300,201076859
1AB-2508-0010300,201077942
1AB-2508-0010300,201077948
1AB-2508-0010300,201077928
1AB-2508-0010300,201077951
1AB-2508-0010300,201077950
1AB-2508-0010292,201076857
1AB-2508-0010293,201076855
1AB-2508-0010289,201076852
1AB-2508-0010284,201078049
1AB-2508-0010276,201076841
1AB-2508-0010254,201076835
1AB-2508-0010265,201076833
1AB-2508-0010207,201076827
1AB-2508-0010246,201076824
1AB-2508-0010233,201076822
1AB-2508-0010160,201078090
1AB-2508-0010160,201078089
1AB-2508-0010199,201076782
1AB-2508-0010194,201076780
1AB-2508-0010196,201076778
1AB-2508-0010193,201076776
1AB-2508-0010191,201076773
1AB-2508-0010184,201076772
1AB-2508-0010188,201076770
1AB-2508-0010186,201076768
1AB-2508-0010182,201076766
1AB-2508-0010169,201076755
1AB-2508-0010077,201076700
1AB-2508-0010101,201076697
1AB-2508-0010096,201076692
1AB-2508-0010092,201076689
1AB-2508-0010089,201076686
1AB-2508-0010083,201076680
1AB-2508-0010079,201076676
1AB-2508-0010075,201076673
1AB-2508-0010053,201076672
1AB-2508-0010068,201076667
1AB-2508-0010061,201076663
1AB-2508-0010055,201076661
1AB-2508-0010056,201076658
1AB-2508-0010054,201076656
1AB-2508-0010050,201076653
1AB-2508-0010046,201077751
1AB-2508-0010046,201077755
1AB-2508-0010046,201077750
1AB-2508-0010046,201077749
1AB-2508-0010046,201077745
1AB-2508-0010046,201077742
1AB-2508-0010046,201077701
1AB-2508-0010046,201077696
1AB-2508-0010040,201076646
1AB-2508-0010033,201076640
1AB-2508-0010011,201076627
1AB-2508-0010013,201077779
1AB-2508-0010013,201077780
1AB-2508-0010013,201077781
1AB-2508-0010013,201077783
1AB-2508-0010013,201077785
1AB-2508-0010013,201077778
1AB-2508-0010013,201077777
1AB-2508-0009991,201076589
1AB-2508-0009992,201076588
1AB-2508-0009983,201076581
1AB-2508-0009978,201076577
1AB-2508-0009972,201076571
1AB-2508-0009965,201076567
1AB-2508-0009966,201076566
1AB-2508-0009963,201076564
1AB-2508-0009942,201076553
1AB-2508-0009952,201076551
1AB-2508-0009951,201076550
1AB-2508-0009949,201076549
1AB-2508-0009943,201076548
1AB-2508-0009941,201076544
1AB-2508-0009934,201076540
1AB-2508-0009918,201076532
1AB-2508-0009905,201076520
1AB-2508-0009900,201076516
1AB-2508-0009892,201076511
1AB-2508-0009892,201090621
1AB-2508-0009893,201076510
1AB-2508-0009888,201076508
1AB-2508-0009885,201076505
1AB-2508-0009865,201076487
1AB-2508-0009856,201076484
1AB-2508-0009860,201076482
1AB-2508-0009859,201076480
1AB-2508-0009843,201076470
1AB-2508-0009823,201076469
1AB-2508-0009834,201085477
1AB-2508-0009834,201076467
1AB-2508-0009834,201085476
1AB-2508-0009828,201076459
1AB-2508-0009816,201076450
1AB-2508-0009786,201076445
1AB-2508-0009806,201076444
1AB-2508-0009788,201076437
1AB-2508-0009771,201076433
1AB-2508-0009785,201076430
1AB-2508-0009766,201076423
1AB-2508-0009740,201076410
1AB-2508-0009720,201076409
1AB-2508-0009680,201076403
1AB-2508-0009733,201076381
1AB-2508-0009729,201076377
1AB-2508-0009708,201076362
1AB-2508-0009698,201076361
1AB-2508-0009677,201076353
1AB-2508-0009700,201076351
1AB-2508-0009693,201076343
1AB-2508-0009688,201076341
1AB-2508-0009648,201076319
1AB-2508-0009532,201076317
1AB-2508-0009634,201076302
1AB-2508-0009602,201076289
1AB-2508-0009574,201076280
1AB-2508-0009520,201076277
1AB-2508-0009577,201076273
1AB-2508-0009576,201076268
1AB-2508-0009568,201076262
1AB-2508-0009534,201076241
1AB-2508-0009529,201076231
1AB-2508-0009522,201076225
1AB-2508-0009521,201076224
1AB-2508-0009519,201076222
1AB-2508-0009509,201076216
1AB-2508-0009497,201076203
1AB-2508-0009435,201076176
1AB-2508-0009437,201076174
1AB-2508-0009444,201076173
1AB-2508-0009415,201076154
1AB-2508-0009354,201076021
1AB-2508-0009323,201076015
1AB-2508-0009274,201076006
1AB-2508-0009316,201076005
1AB-2508-0009300,201075985
1AB-2508-0009294,201075961
1AB-2508-0009296,201075958
1AB-2508-0009278,201075945
1AB-2508-0009278,201078383
1AB-2508-0009282,201075876
1AB-2508-0009272,201075873
1AB-2508-0009272,201077685
1AB-2508-0009261,201075872
1AB-2508-0009250,201075868
1AB-2508-0009240,201075867
1AB-2508-0009247,201075865
1AB-2508-0009247,201079342
1AB-2508-0009246,201075864
1AB-2508-0009245,201075862
1AB-2508-0009229,201075854
1AB-2508-0009221,201075847
1AB-2508-0009213,201075841
1AB-2508-0009208,201075836
1AB-2508-0009204,201075833
1AB-2508-0009202,201075832
1AB-2508-0009203,201075831
1AB-2508-0009198,201075828
1AB-2508-0009182,201075812
1AB-2508-0009155,201075788
1AB-2508-0009151,201075782
1AB-2508-0009146,201075779
1AB-2508-0009107,201075747
1AB-2508-0009091,201075742
1AB-2508-0009072,201075730
1AB-2508-0009076,201075724
1AB-2508-0009062,201075723
1AB-2508-0009065,201075721
1AB-2508-0009044,201075700
1AB-2508-0009038,201075694
1AB-2508-0009037,201075692
1AB-2508-0009033,201075690
1AB-2508-0009013,201078093
1AB-2508-0009013,201075682
1AB-2508-0008988,201075680
1AB-2508-0009017,201075678
1AB-2508-0008982,201075656
1AB-2508-0008977,201075652
1AB-2508-0008959,201075649
1AB-2508-0008953,201075629
1AB-2508-0008949,201075627
1AB-2508-0008948,201075624
1AB-2508-0008940,201075620
1AB-2508-0008941,201075619
1AB-2508-0008933,201075617
1AB-2508-0008928,201076139
1AB-2508-0008928,201076140
1AB-2508-0008928,201076141
1AB-2508-0008928,201076242
1AB-2508-0008928,201076243
1AB-2508-0008928,201076138
1AB-2508-0008928,201076129
1AB-2508-0008928,201076128
1AB-2508-0008928,201076127
1AB-2508-0008928,201076130
1AB-2508-0008928,201076137
1AB-2508-0008928,201076136
1AB-2508-0008928,201076135
1AB-2508-0008928,201076133
1AB-2508-0008928,201076132
1AB-2508-0008928,201076131
1AB-2508-0008928,201075612
1AB-2508-0008928,201076126
1AB-2508-0008921,201075610
1AB-2508-0008918,201075605
1AB-2508-0008896,201075604
1AB-2508-0008896,201080281
1AB-2508-0008812,201075603
1AB-2508-0008869,201075592
1AB-2508-0008874,201075591
1AB-2508-0008885,201075588
1AB-2508-0008600,201075964
1AB-2508-0008600,201075507
1AB-2508-0008809,201075499
1AB-2508-0008717,201075485
1AB-2508-0008718,201075480
1AB-2508-0008775,201075475
1AB-2508-0008661,201075457
1AB-2508-0008746,201075452
1AB-2508-0008737,201075421
1AB-2508-0008725,201075405
1AB-2508-0008693,201075389
1AB-2508-0008637,201075356
1AB-2508-0008620,201075336
1AB-2508-0008632,201075329
1AB-2508-0008618,201075318
1AB-2508-0008619,201075315
1AB-2508-0008597,201075965
1AB-2508-0008597,201075308
1AB-2508-0008581,201075305
1AB-2508-0008545,201075285
1AB-2508-0008533,201075284
1AB-2508-0008566,201075274
1AB-2508-0008525,201075262
1AB-2508-0008548,201075241
1AB-2508-0008523,201075226
1AB-2508-0008500,201075174
1AB-2508-0008488,201075158
1AB-2508-0008458,201075140
1AB-2508-0008404,201075185
1AB-2508-0008404,201075186
1AB-2508-0008404,201075188
1AB-2508-0008404,201075191
1AB-2508-0008445,201075117
1AB-2508-0008415,201075114
1AB-2508-0008418,201075111
1AB-2508-0008432,201075110
1AB-2508-0008432,201075972
1AB-2508-0008417,201075095
1AB-2508-0008416,201075088
1AB-2508-0008412,201075083
1AB-2508-0008394,201075056
1AB-2508-0008389,201075054
1AB-2508-0008385,201075051
1AB-2508-0008365,201075050
1AB-2508-0008379,201075045
1AB-2508-0008375,201075042
1AB-2508-0008361,201075032
1AB-2508-0008363,201075031
1AB-2508-0008362,201075030
1AB-2508-0008359,201075028
1AB-2508-0008331,201075025
1AB-2508-0008339,201075022
1AB-2508-0008340,201074999
1AB-2508-0008330,201074992
1AB-2508-0008328,201074991
1AB-2508-0008318,201074941
1AB-2508-0008279,201074931
1AB-2508-0008278,201074929
1AB-2508-0008268,201074927
1AB-2508-0008251,201074923
1AB-2508-0008255,201074918
1AB-2508-0008247,201074912
1AB-2508-0008245,201074910
1AB-2508-0008241,201074907
1AB-2508-0008227,201074894
1AB-2508-0008192,201074862
1AB-2508-0008182,201074851
1AB-2508-0008158,201074833
1AB-2508-0008154,201074830
1AB-2508-0008150,201074827
1AB-2508-0008145,201074821
1AB-2508-0008144,201074820
1AB-2508-0008140,201074816
1AB-2508-0008130,201074808
1AB-2508-0008129,201074807
1AB-2508-0008124,201074799
1AB-2508-0008111,201074796
1AB-2508-0008114,201074794
1AB-2508-0008100,201079743
1AB-2508-0008100,201074785
1AB-2508-0008085,201074778
1AB-2508-0008085,201079640
1AB-2508-0008081,201074771
1AB-2508-0008078,201074769
1AB-2508-0008069,201078084
1AB-2508-0008069,201078087
1AB-2508-0008069,201078086
1AB-2508-0008069,201074764
1AB-2508-0008047,201074756
1AB-2508-0007991,201074681
1AB-2508-0007977,201074676
1AB-2508-0007931,201074664
1AB-2508-0007952,201074658
1AB-2508-0007918,201074645
1AB-2508-0007911,201074638
1AB-2508-0007908,201074636
1AB-2508-0007871,201074541
1AB-2508-0007830,201074533
1AB-2508-0007727,201074532
1AB-2508-0007805,201074524
1AB-2508-0007817,201074523
1AB-2508-0007804,201074501
1AB-2508-0007772,201074499
1AB-2508-0007808,201074496
1AB-2508-0007801,201074492
1AB-2508-0007776,201074491
1AB-2508-0007771,201074487
1AB-2508-0007768,201074486
1AB-2508-0007757,201074440
1AB-2508-0007751,201074439
1AB-2508-0007743,201074430
1AB-2508-0007691,201085165
1AB-2508-0007688,201074398
1AB-2508-0007669,201074394
1AB-2508-0007605,201074391
1AB-2508-0007673,201074389
1AB-2508-0007656,201074358
1AB-2508-0007617,201074346
1AB-2508-0007570,201074345
1AB-2508-0007573,201074297
1AB-2508-0007542,201074293
1AB-2508-0007574,201074290
1AB-2508-0007549,201075006
1AB-2508-0007502,201074238
1AB-2508-0007515,201074237
1AB-2508-0007560,201074232
1AB-2508-0007546,201074231
1AB-2508-0007557,201074227
1AB-2508-0007498,201074226
1AB-2508-0007497,201074225
1AB-2508-0007547,201074224
1AB-2508-0007511,201074200
1AB-2508-0007517,201074199
1AB-2508-0007510,201074195
1AB-2508-0007503,201074190
1AB-2508-0007493,201074187
1AB-2508-0007476,201074182
1AB-2508-0007463,201074160
1AB-2508-0007469,201074159
1AB-2508-0007472,201074155
1AB-2508-0007452,201074153
1AB-2508-0007450,201074147
1AB-2508-0007451,201074144
1AB-2508-0007448,201074141
1AB-2508-0007439,201074135
1AB-2508-0007424,201075981
1AB-2508-0007424,201075980
1AB-2508-0007424,201075978
1AB-2508-0007424,201076024
1AB-2508-0007424,201076025
1AB-2508-0007424,201076026
1AB-2508-0007424,201076028
1AB-2508-0007424,201076029
1AB-2508-0007424,201076031
1AB-2508-0007424,201076033
1AB-2508-0007424,201076030
1AB-2508-0007424,201074127
1AB-2508-0007424,201075973
1AB-2508-0007424,201075977
1AB-2508-0007424,201075976
1AB-2508-0007424,201075975
1AB-2508-0007424,201075974
1AB-2508-0007421,201074124
1AB-2508-0007417,201074121
1AB-2508-0007400,201074116
1AB-2508-0007390,201074111
1AB-2508-0007381,201074108
1AB-2508-0007375,201074104
1AB-2508-0007377,201074101
1AB-2508-0007371,201074099
1AB-2508-0007364,201074093
1AB-2508-0007341,201074078
1AB-2508-0007326,201074070
1AB-2508-0007327,201074066
1AB-2508-0007296,201074038
1AB-2508-0007294,201074037
1AB-2508-0007276,201074024
1AB-2508-0007255,201074022
1AB-2508-0007256,201074017
1AB-2508-0007250,201074005
1AB-2508-0007251,201074003
1AB-2508-0007245,201073976
1AB-2508-0007240,201075208
1AB-2508-0007240,201073972
1AB-2508-0007237,201073971
1AB-2508-0007196,201073968
1AB-2508-0007187,201073937
1AB-2508-0007170,201073929
1AB-2508-0007181,201073925
1AB-2508-0007136,201073882
1AB-2508-0007125,201073859
1AB-2508-0007124,201073857
1AB-2508-0007123,201073855
1AB-2508-0007120,201073852
1AB-2508-0007117,201073850
1AB-2508-0007113,201073847
1AB-2508-0007105,201073845
1AB-2508-0007109,201073843
1AB-2508-0007101,201073819
1AB-2508-0007096,201073816
1AB-2508-0007095,201073813
1AB-2508-0007093,201073812
1AB-2508-0007065,201073810
1AB-2508-0007090,201073807
1AB-2508-0007088,201073806
1AB-2508-0007070,201073802
1AB-2508-0007084,201073801
1AB-2508-0007075,201073800
1AB-2508-0007081,201073798
1AB-2508-0007078,201073796
1AB-2508-0007077,201073795
1AB-2508-0007073,201073792
1AB-2508-0007044,201073790
1AB-2508-0006966,201073781
1AB-2508-0007046,201073775
1AB-2508-0007053,201073774
1AB-2508-0007051,201073773
1AB-2508-0007037,201073738
1AB-2508-0007026,201073729
1AB-2508-0006983,201073716
1AB-2508-0006969,201073684
1AB-2508-0006953,201073751
1AB-2508-0006953,201073750
1AB-2508-0006953,201073748
1AB-2508-0006953,201073747
1AB-2508-0006953,201073745
1AB-2508-0006953,201073744
1AB-2508-0006953,201073742
1AB-2508-0006953,201073683
1AB-2508-0006953,201073679
1AB-2508-0006953,201073678
1AB-2508-0006953,201073677
1AB-2508-0006953,201073676
1AB-2508-0006948,201073497
1AB-2508-0006944,201073494
1AB-2508-0006943,201073493
1AB-2508-0006941,201073490
1AB-2508-0006926,201073487
1AB-2508-0006922,201073485
1AB-2508-0006903,201073484
1AB-2508-0006929,201073483
1AB-2508-0006909,201073473
1AB-2508-0006910,201073469
1AB-2508-0006886,201073463
1AB-2508-0006877,201073452
1AB-2508-0006865,201073446
1AB-2508-0006869,201073445
1AB-2508-0006857,201073440
1AB-2508-0006854,201073438
1AB-2508-0006842,201073428
1AB-2508-0006828,201073422
1AB-2508-0006818,201073416
1AB-2508-0006736,201073331
1AB-2508-0006726,201073327
1AB-2508-0006711,201073365
1AB-2508-0006697,201073311
1AB-2508-0006698,201073305
1AB-2508-0006665,201073289
1AB-2508-0006662,201073272
1AB-2508-0006656,201073269
1AB-2508-0006630,201073250
1AB-2508-0006628,201073243
1AB-2508-0006551,201073195
1AB-2508-0006554,201073191
1AB-2508-0006549,201073168
1AB-2508-0006550,201073166
1AB-2508-0006489,201073165
1AB-2508-0006546,201073161
1AB-2508-0006482,201073158
1AB-2508-0006531,201073150
1AB-2508-0006530,201073148
1AB-2508-0006526,201077859
1AB-2508-0006508,201073134
1AB-2508-0006429,201073103
1AB-2508-0006424,201073095
1AB-2508-0006392,201074180
1AB-2508-0006392,201073078
1AB-2508-0006393,201073058
1AB-2508-0006390,201073053
1AB-2508-0006386,201073049
1AB-2508-0006385,201073048
1AB-2508-0006381,201073045
1AB-2508-0006355,201073030
1AB-2508-0006344,201073018
1AB-2508-0006334,201073012
1AB-2508-0006256,201072956
1AB-2508-0006250,201072937
1AB-2508-0006254,201072933
1AB-2508-0006242,201072927
1AB-2508-0006225,201072919
1AB-2508-0006221,201072915
1AB-2508-0006219,201072914
1AB-2508-0006196,201072913
1AB-2508-0006198,201072905
1AB-2508-0006146,201072898
1AB-2508-0006160,201072880
1AB-2508-0006044,201072752
1AB-2508-0006037,201072747
1AB-2508-0006036,201072745
1AB-2508-0006015,201072733
1AB-2508-0006010,201072729
1AB-2508-0006007,201072728
1AB-2508-0006003,201072724
1AB-2508-0005998,201072719
1AB-2508-0005962,201072685
1AB-2508-0005909,201072659
1AB-2508-0005920,201073364
1AB-2508-0005920,201073363
1AB-2508-0005884,201072602
1AB-2508-0005847,201072582
1AB-2508-0005843,201072580
1AB-2508-0005848,201072577
1AB-2508-0005846,201072576
1AB-2508-0005836,201072572
1AB-2508-0005792,201072533
1AB-2508-0005753,201072501
1AB-2508-0005732,201072500
1AB-2508-0005725,201072485
1AB-2508-0005726,201072482
1AB-2508-0005705,201072464
1AB-2508-0005696,201072456
1AB-2508-0005688,201076384
1AB-2508-0005680,201072442
1AB-2508-0005673,201072439
1AB-2508-0005665,201072427
1AB-2508-0005627,201072397
1AB-2508-0005602,201072371
1AB-2508-0005594,201075250
1AB-2508-0005594,201072363
1AB-2508-0005580,201072355
1AB-2508-0005568,201072348
1AB-2508-0005548,201072337
1AB-2508-0005546,201077347
1AB-2508-0005546,201072335
1AB-2508-0005545,201072334
1AB-2508-0005544,201072333
1AB-2508-0005524,201072320
1AB-2508-0005520,201072319
1AB-2508-0005519,201072318
1AB-2508-0005518,201072317
1AB-2508-0005512,201072313
1AB-2508-0005496,201072306
1AB-2508-0005488,201072298
1AB-2508-0005456,201072291
1AB-2508-0005451,201072289
1AB-2508-0005449,201072288
1AB-2508-0005445,201072285
1AB-2508-0005444,201072284
1AB-2508-0005434,201072283
1AB-2508-0005420,201072280
1AB-2508-0005417,201077802
1AB-2508-0005417,201077805
1AB-2508-0005417,201077804
1AB-2508-0005417,201077803
1AB-2508-0005417,201077801
1AB-2508-0005417,201077800
1AB-2508-0005417,201077799
1AB-2508-0005417,201077798
1AB-2508-0005417,201077797
1AB-2508-0005417,201072274
1AB-2508-0005399,201072271
1AB-2508-0005384,201072270
1AB-2508-0005397,201072261
1AB-2508-0005354,201072252
1AB-2508-0005282,201072206
1AB-2508-0005338,201079759
1AB-2508-0005338,201076394
1AB-2508-0005290,201072190
1AB-2508-0005307,201072149
1AB-2508-0005279,201072131
1AB-2508-0005284,201072129
1AB-2508-0005255,201072104
1AB-2508-0005234,201072097
1AB-2508-0005225,201072083
1AB-2508-0005193,201072080
1AB-2508-0005217,201072076
1AB-2508-0005218,201072074
1AB-2508-0005212,201072072
1AB-2508-0005211,201072068
1AB-2508-0005149,201072067
1AB-2508-0005207,201072065
1AB-2508-0005153,201072018
1AB-2508-0005110,201071976
1AB-2508-0005100,201071966
1AB-2508-0005104,201071963
1AB-2508-0005094,201071958
1AB-2508-0005082,201071950
1AB-2508-0005045,201071910
1AB-2508-0005059,201071906
1AB-2508-0005036,201071888
1AB-2508-0005023,201071861
1AB-2508-0004998,201071851
1AB-2508-0004988,201071846
1AB-2508-0004996,201071841
1AB-2508-0004907,201073663
1AB-2508-0004907,201071787
1AB-2508-0004925,201071770
1AB-2508-0004899,201071766
1AB-2508-0004919,201071765
1AB-2508-0004885,201071754
1AB-2508-0004887,201071748
1AB-2508-0004879,201071744
1AB-2508-0004881,201071740
1AB-2508-0004866,201071725
1AB-2508-0004825,201071713
1AB-2508-0004835,201071709
1AB-2508-0004822,201071703
1AB-2508-0004819,201071700
1AB-2508-0004789,201071691
1AB-2508-0004791,201071681
1AB-2508-0004786,201071677
1AB-2508-0004774,201071666
1AB-2508-0004746,201071640
1AB-2508-0004738,201077665
1AB-2508-0004738,201071633
1AB-2508-0004728,201071622
1AB-2508-0004720,201071617
1AB-2508-0004716,201074463
1AB-2508-0004716,201074455
1AB-2508-0004716,201074454
1AB-2508-0004696,201071604
1AB-2508-0004694,201071601
1AB-2508-0004688,201071599
1AB-2508-0004684,201071597
1AB-2508-0004679,201071589
1AB-2508-0004653,201071557
1AB-2508-0004652,201071554
1AB-2508-0004636,201071542
1AB-2508-0004627,201071537
1AB-2508-0004582,201071505
1AB-2508-0004558,201071491
1AB-2508-0004559,201071459
1AB-2508-0004518,201071439
1AB-2508-0004517,201071434
1AB-2508-0004522,201071433
1AB-2508-0004491,201071424
1AB-2508-0004481,201071412
1AB-2508-0004183,201071402
1AB-2508-0004461,201071398
1AB-2508-0004439,201071392
1AB-2508-0004433,201071382
1AB-2508-0004408,201071343
1AB-2508-0004407,201071340
1AB-2508-0004395,201071339
1AB-2508-0004342,201071323
1AB-2508-0004370,201071321
1AB-2508-0004334,201071283
1AB-2508-0004322,201071279
1AB-2508-0004322,201071256
1AB-2508-0004290,201071255
1AB-2508-0004289,201071246
1AB-2508-0004233,201071229
1AB-2508-0004240,201071224
1AB-2508-0004226,201071221
1AB-2508-0004239,201071219
1AB-2508-0004101,201071178
1AB-2508-0004179,201071177
1AB-2508-0004080,201071143
1AB-2508-0004139,201071134
1AB-2508-0004119,201071128
1AB-2508-0004114,201071121
1AB-2508-0004108,201071113
1AB-2508-0004105,201071107
1AB-2508-0004085,201071102
1AB-2508-0004058,201071089
1AB-2508-0004027,201071068
1AB-2508-0004006,201071038
1AB-2508-0004016,201071031
1AB-2508-0004023,201071027
1AB-2508-0004013,201077669
1AB-2508-0004013,201077668
1AB-2508-0004013,201077666
1AB-2508-0003952,201074975
1AB-2508-0003952,201074974
1AB-2508-0003952,201074976
1AB-2508-0003952,201074973
1AB-2508-0003952,201070903
1AB-2508-0003942,201070901
1AB-2508-0003913,201070894
1AB-2508-0003910,201070868
1AB-2508-0003899,201070860
1AB-2508-0003868,201070837
1AB-2508-0003866,201070835
1AB-2508-0003863,201070833
1AB-2508-0003859,201070829
1AB-2508-0003854,201070721
1AB-2508-0003854,201070824
1AB-2508-0003854,201070973
1AB-2508-0003854,201070971
1AB-2508-0003854,201070970
1AB-2508-0003854,201070969
1AB-2508-0003854,201070968
1AB-2508-0003854,201070967
1AB-2508-0003854,201070964
1AB-2508-0003854,201070962
1AB-2508-0003853,201070714
1AB-2508-0003853,201070715
1AB-2508-0003853,201070716
1AB-2508-0003853,201070713
1AB-2508-0003852,201074171
1AB-2508-0003852,201074172
1AB-2508-0003852,201074166
1AB-2508-0003852,201074167
1AB-2508-0003852,201074170
1AB-2508-0003851,201070820
1AB-2508-0003842,201070979
1AB-2508-0003842,201070983
1AB-2508-0003842,201070982
1AB-2508-0003842,201070984
1AB-2508-0003842,201070991
1AB-2508-0003842,201070989
1AB-2508-0003842,201070988
1AB-2508-0003840,201071011
1AB-2508-0003840,201071014
1AB-2508-0003840,201071016
1AB-2508-0003840,201071017
1AB-2508-0003840,201071019
1AB-2508-0003840,201070810
1AB-2508-0003840,201070993
1AB-2508-0003840,201070994
1AB-2508-0003840,201070996
1AB-2508-0003840,201070999
1AB-2508-0003840,201071000
1AB-2508-0003840,201071001
1AB-2508-0003840,201071003
1AB-2508-0003840,201071005
1AB-2508-0003840,201071006
1AB-2508-0003840,201071009
1AB-2508-0003836,201070808
1AB-2508-0003822,201070800
1AB-2508-0003823,201078480
1AB-2508-0003823,201070798
1AB-2508-0003813,201070794
1AB-2508-0003804,201070791
1AB-2508-0003811,201070789
1AB-2508-0003808,201070788
1AB-2508-0003793,201070779
1AB-2508-0003784,201070771
1AB-2508-0003773,201070768
1AB-2508-0003758,201070759
1AB-2508-0003753,201070758
1AB-2508-0003751,201070757
1AB-2508-0003745,201070756
1AB-2508-0003748,201070754
1AB-2508-0003728,201070751
1AB-2508-0003741,201070750
1AB-2508-0003739,201070748
1AB-2508-0003735,201070746
1AB-2508-0003723,201070742
1AB-2508-0003716,201070741
1AB-2508-0003718,201070737
1AB-2508-0003726,201070736
1AB-2508-0003712,201070735
1AB-2508-0003721,201070733
1AB-2508-0003670,201070731
1AB-2508-0003706,201070730
1AB-2508-0003675,201070728
1AB-2508-0003708,201070726
1AB-2508-0003499,201070700
1AB-2508-0003499,201071045
1AB-2508-0003667,201070673
1AB-2508-0003664,201070671
1AB-2508-0003639,201070645
1AB-2508-0003637,201070642
1AB-2508-0003618,201070633
1AB-2508-0003608,201070629
1AB-2508-0003607,201070613
1AB-2508-0003580,201070603
1AB-2508-0003597,201070606
1AB-2508-0003578,201070597
1AB-2508-0003571,201070596
1AB-2508-0003579,201070587
1AB-2508-0003546,201070582
1AB-2508-0003512,201070580
1AB-2508-0003523,201070569
1AB-2508-0003550,201070565
1AB-2508-0003539,201070539
1AB-2508-0003533,201070534
1AB-2508-0003519,201070525
1AB-2508-0003445,201070522
1AB-2508-0003445,201070560
1AB-2508-0003508,201078789
1AB-2508-0003508,201070518
1AB-2508-0003497,201070507
1AB-2508-0003498,201070506
1AB-2508-0003476,201070488
1AB-2508-0003461,201070479
1AB-2508-0003457,201070476
1AB-2508-0003444,201070470
1AB-2508-0003380,201070467
1AB-2508-0003399,201070461
1AB-2508-0003420,201070445
1AB-2508-0003393,201070442
1AB-2508-0003385,201070424
1AB-2508-0003373,201070410
1AB-2508-0003369,201070403
1AB-2508-0003353,201070389
1AB-2508-0003259,201070355
1AB-2508-0003295,201070348
1AB-2508-0003174,201070283
1AB-2508-0003160,201070271
1AB-2508-0003155,201070207
1AB-2508-0003135,201070195
1AB-2508-0003131,201070194
1AB-2508-0003120,201082029
1AB-2508-0003120,201070187
1AB-2508-0003119,201070161
1AB-2508-0003099,201070150
1AB-2508-0003077,201070138
1AB-2508-0003075,201070136
1AB-2508-0003054,201070115
1AB-2508-0003047,201070112
1AB-2508-0003044,201070107
1AB-2508-0003039,201070105
1AB-2508-0003006,201070070
1AB-2508-0003003,201070069
1AB-2508-0002991,201070057
1AB-2508-0002978,201070055
1AB-2508-0002913,201069994
1AB-2508-0002870,201069990
1AB-2508-0002906,201069988
1AB-2508-0002889,201069980
1AB-2508-0002888,201069965
1AB-2508-0002883,201069961
1AB-2508-0002880,201069957
1AB-2508-0002872,201069956
1AB-2508-0002871,201069953
1AB-2508-0002863,201069950
1AB-2508-0002854,201069947
1AB-2508-0002814,201069926
1AB-2508-0002821,201069920
1AB-2508-0002781,201069885
1AB-2508-0002774,201070546
1AB-2508-0002774,201070545
1AB-2508-0002732,201069847
1AB-2508-0002708,201069845
1AB-2508-0002657,201069823
1AB-2508-0002670,201069822
1AB-2508-0002651,201069801
1AB-2508-0002664,201069789
1AB-2508-0002654,201069785
1AB-2508-0002610,201069718
1AB-2508-0002607,201069714
1AB-2508-0002517,201069658
1AB-2508-0002481,201069633
1AB-2508-0002480,201069631
1AB-2508-0002474,201069630
1AB-2508-0002439,201069597
1AB-2508-0002447,201069592
1AB-2508-0002447,201071936
1AB-2508-0002440,201069589
1AB-2508-0002422,201069575
1AB-2508-0002423,201069574
1AB-2508-0002387,201069568
1AB-2508-0002387,201074322
1AB-2508-0002384,201069540
1AB-2508-0002367,201069531
1AB-2508-0002371,201069528
1AB-2508-0002356,201069527
1AB-2508-0002355,201069526
1AB-2508-0002359,201069525
1AB-2508-0002342,201069491
1AB-2508-0002335,201069487
1AB-2508-0002326,201069480
1AB-2508-0002321,201069477
1AB-2508-0002276,201069470
1AB-2508-0002302,201069469
1AB-2508-0002285,201069467
1AB-2508-0002258,201069424
1AB-2508-0002257,201069423
1AB-2508-0002255,201090467
1AB-2508-0002255,201069422
1AB-2508-0002249,201069419
1AB-2508-0002247,201069417
1AB-2508-0002225,201069401
1AB-2508-0002216,201069396
1AB-2508-0002216,201069756
1AB-2508-0002186,201069389
1AB-2508-0002200,201069383
1AB-2508-0002199,201069381
1AB-2508-0002199,201069312
1AB-2508-0002197,201069380
1AB-2508-0002187,201069372
1AB-2508-0002180,201069371
1AB-2508-0002184,201071576
1AB-2508-0002184,201071575
1AB-2508-0002184,201069370
1AB-2508-0002175,201069369
1AB-2508-0002181,201069368
1AB-2508-0002165,201069359
1AB-2508-0002166,201069358
1AB-2508-0002143,201069346
1AB-2508-0002135,201069345
1AB-2508-0002135,201069602
1AB-2508-0002142,201069344
1AB-2508-0002147,201069343
1AB-2508-0002116,201069338
1AB-2508-0002121,201069337
1AB-2508-0002129,201069333
1AB-2508-0002102,201069325
1AB-2508-0002090,201069298
1AB-2508-0002096,201069294
1AB-2508-0002048,201069290
1AB-2508-0002075,201069282
1AB-2508-0002077,201069261
1AB-2508-0002076,201069257
1AB-2508-0002072,201069248
1AB-2508-0002064,201069246
1AB-2508-0002044,201069240
1AB-2508-0002040,201069230
1AB-2508-0002031,201069229
1AB-2508-0002035,201069227
1AB-2508-0001993,201069226
1AB-2508-0001991,201069224
1AB-2508-0002003,201069223
1AB-2508-0001976,201069216
1AB-2508-0001957,201069199
1AB-2508-0001942,201069196
1AB-2508-0001945,201069186
1AB-2508-0001950,201069152
1AB-2508-0001878,201069143
1AB-2508-0001937,201069142
1AB-2508-0001914,201069111
1AB-2508-0001911,201069101
1AB-2508-0001881,201069041
1AB-2508-0001877,201069039
1AB-2508-0001851,201069026
1AB-2508-0001823,201069011
1AB-2508-0001787,201069002
1AB-2508-0001773,201069555
1AB-2508-0001791,201068996
1AB-2508-0001779,201068988
1AB-2508-0001772,201068987
1AB-2508-0001764,201068980
1AB-2508-0001762,201068978
1AB-2508-0001758,201068976
1AB-2508-0001733,201068975
1AB-2508-0001746,201068971
1AB-2508-0001726,201068962
1AB-2508-0001729,201068939
1AB-2508-0001713,201068933
1AB-2508-0001698,201068928
1AB-2508-0001700,201068925
1AB-2508-0001688,201068897
1AB-2508-0001679,201068891
1AB-2508-0001664,201068887
1AB-2508-0001652,201068873
1AB-2508-0001637,201068862
1AB-2508-0001631,201068861
1AB-2508-0001633,201068860
1AB-2508-0001634,201068858
1AB-2508-0001627,201068857
1AB-2508-0001615,201068848
1AB-2508-0001607,201068846
1AB-2508-0001602,201068843
1AB-2508-0001598,201068842
1AB-2508-0001600,201068841
1AB-2508-0001599,201068839
1AB-2508-0001591,201068836
1AB-2508-0001581,201068828
1AB-2508-0001576,201068827
1AB-2508-0001519,201068825
1AB-2508-0001566,201074978
1AB-2508-0001499,201068804
1AB-2508-0001465,201068756
1AB-2508-0001473,201068733
1AB-2508-0001464,201068723
1AB-2508-0001453,201068718
1AB-2508-0001461,201068716
1AB-2508-0001445,201068714
1AB-2508-0001444,201068712
1AB-2508-0001425,201068708
1AB-2508-0001408,201068681
1AB-2508-0001393,201068676
1AB-2508-0001394,201068674
1AB-2508-0001379,201068664
1AB-2508-0001376,201068662
1AB-2508-0001362,201068660
1AB-2508-0001373,201068656
1AB-2508-0001357,201068643
1AB-2508-0001343,201068630
1AB-2508-0001336,201069752
1AB-2508-0001336,201068626
1AB-2508-0001330,201068619
1AB-2508-0001305,201068614
1AB-2508-0001287,201068613
1AB-2508-0001296,201068610
1AB-2508-0001307,201068600
1AB-2508-0001281,201068574
1AB-2508-0001284,201068572
1AB-2508-0001270,201068562
1AB-2508-0001270,201070247
1AB-2508-0001270,201070246
1AB-2508-0001269,201068560
1AB-2508-0001267,201068558
1AB-2508-0001261,201068557
1AB-2508-0001257,201068553
1AB-2508-0001249,201068543
1AB-2508-0001246,201068542
1AB-2508-0001229,201068539
1AB-2508-0001238,201068538
1AB-2508-0001237,201068537
1AB-2508-0001236,201068535
1AB-2508-0001230,201069303
1AB-2508-0001230,201068534
1AB-2508-0001234,201068533
1AB-2508-0001231,201079562
1AB-2508-0001231,201079401
1AB-2508-0001231,201068529
1AB-2508-0001225,201068525
1AB-2508-0001224,201068524
1AB-2508-0001216,201068516
1AB-2508-0001215,201068515
1AB-2508-0001212,201068513
1AB-2508-0001196,201068507
1AB-2508-0001199,201068504
1AB-2508-0001188,201068501
1AB-2508-0001192,201068499
1AB-2508-0001193,201068498
1AB-2508-0001193,201069167
1AB-2508-0001187,201068496
1AB-2508-0001183,201068495
1AB-2508-0001168,201068494
1AB-2508-0001185,201068493
1AB-2508-0001181,201068492
1AB-2508-0001179,201068488
1AB-2508-0001172,201068484
1AB-2508-0001170,201068482
1AB-2508-0001159,201068480
1AB-2508-0001163,201068477
1AB-2508-0001151,201068476
1AB-2508-0001146,201068470
1AB-2508-0001120,201068463
1AB-2508-0001114,201068438
1AB-2508-0001092,201068422
1AB-2508-0001096,201068421
1AB-2508-0001094,201068419
1AB-2508-0001088,201068416
1AB-2508-0001089,201068414
1AB-2508-0001070,201069553
1AB-2508-0001070,201069554
1AB-2508-0001066,201068405
1AB-2508-0001060,201078644
1AB-2508-0001060,201068402
1AB-2508-0001063,201068401
1AB-2508-0001057,201068396
1AB-2508-0001051,201068395
1AB-2508-0001054,201068393
1AB-2508-0001049,201068391
1AB-2508-0001046,201068388
1AB-2508-0001018,201068366
1AB-2508-0001015,201068363
1AB-2508-0001007,201068354
1AB-2508-0000975,201068334
1AB-2508-0000956,201068310
1AB-2508-0000938,201068297
1AB-2508-0000895,201068258
1AB-2508-0000881,201068251
1AB-2508-0000889,201068249
1AB-2508-0000885,201068243
1AB-2508-0000883,201068242
1AB-2508-0000864,201068240
1AB-2508-0000855,201068217
1AB-2508-0000844,201068208
1AB-2508-0000826,201068207
1AB-2508-0000836,201068202
1AB-2508-0000839,201068201
1AB-2508-0000830,201068196
1AB-2508-0000828,201068193
1AB-2508-0000812,201068190
1AB-2508-0000821,201068187
1AB-2508-0000801,201068178
1AB-2508-0000793,201068171
1AB-2508-0000743,201068139
1AB-2508-0000729,201068132
1AB-2508-0000713,201068127
1AB-2508-0000717,201068125
1AB-2508-0000703,201068100
1AB-2508-0000701,201068099
1AB-2508-0000696,201068094
1AB-2508-0000693,201068092
1AB-2508-0000688,201068959
1AB-2508-0000676,201068090
1AB-2508-0000687,201068088
1AB-2508-0000682,201068087
1AB-2508-0000681,201068086
1AB-2508-0000649,201068077
1AB-2508-0000646,201068074
1AB-2508-0000630,201068064
1AB-2508-0000628,201068063
1AB-2508-0000603,201068041
1AB-2508-0000611,201068042
1AB-2508-0000564,201068024
1AB-2508-0000564,201070558
1AB-2508-0000584,201068023
1AB-2508-0000592,201068019
1AB-2508-0000585,201068013
1AB-2508-0000559,201068000
1AB-2508-0000513,201067996
1AB-2508-0000513,201083638
1AB-2508-0000504,201067972
1AB-2508-0000484,201067953
1AB-2508-0000507,201067952
1AB-2508-0000498,201067947
1AB-2508-0000476,201067943
1AB-2508-0000486,201067939
1AB-2508-0000475,201067932
1AB-2508-0000465,201067931
1AB-2508-0000461,201067896
1AB-2508-0000456,201067892
1AB-2508-0000449,201067889
1AB-2508-0000445,201067887
1AB-2508-0000425,201067870
1AB-2508-0000421,201067868
1AB-2508-0000418,201067864
1AB-2508-0000387,201067846
1AB-2508-0000278,201067844
1AB-2508-0000315,201067837
1AB-2508-0000369,201067834
1AB-2508-0000365,201067833
1AB-2508-0000351,201067820
1AB-2508-0000344,201067814
1AB-2508-0000333,201067800
1AB-2508-0000306,201067793
1AB-2508-0000300,201067775
1AB-2508-0000267,201067752
1AB-2508-0000264,201067743
1AB-2508-0000249,201067741
1AB-2508-0000254,201067737
1AB-2508-0000238,201067733
1AB-2508-0000234,201067728
1AB-2508-0000216,201067692
1AB-2508-0000197,201067670
1AB-2508-0000159,201067665
1AB-2508-0000160,201067662
1AB-2508-0000151,201067658
1AB-2508-0000147,201067657
1AB-2508-0000145,201067656
1AB-2508-0000142,201067652
1AB-2508-0000121,201067649
1AB-2508-0000139,201067648
1AB-2508-0000107,201067634
1AB-2508-0000102,201067616
1AB-2508-0000097,201067613
1AB-2508-0000096,201067612
1AB-2508-0000085,201069168
1AB-2508-0000066,201067601
1AB-2508-0000080,201067600
1AB-2508-0000076,201067597
1AB-2508-0000073,201067594
1AB-2508-0000064,201067589
1AB-2508-0000049,201069058
1AB-2508-0000049,201067575
1AB-2508-0000049,201069059
1AB-2508-0000045,201067572
1AB-2508-0000036,201067566
1AB-2508-0000034,201067565
1AB-2508-0000012,201067549
1AB-2508-0000013,201067544
1AB-2508-0000004,201067543
1AB-2507-0019797,201067526
1AB-2507-0019806,201067524
1AB-2507-0019794,201067523
1AB-2507-0019803,201067512
1AB-2507-0019774,201067506
1AB-2507-0019785,201067481
1AB-2507-0019775,201067479
1AB-2507-0019769,201067475
1AB-2507-0019765,201067474
1AB-2507-0019754,201067472
1AB-2507-0019755,201067469
1AB-2507-0019739,201067466
1AB-2507-0019729,201067459
1AB-2507-0019700,201067456
1AB-2507-0019712,201067442
1AB-2507-0019713,201067438
1AB-2507-0019708,201067436
1AB-2507-0019702,201080138
1AB-2507-0019702,201080129
1AB-2507-0019702,201080137
1AB-2507-0019702,201080147
1AB-2507-0019702,201080146
1AB-2507-0019702,201080145
1AB-2507-0019702,201080144
1AB-2507-0019702,201080141
1AB-2507-0019702,201080135
1AB-2507-0019702,201080133
1AB-2507-0019702,201080140
1AB-2507-0019702,201080139
1AB-2507-0019702,201080132
1AB-2507-0019702,201080131
1AB-2507-0019702,201080130
1AB-2507-0019702,201067433
1AB-2507-0019702,201080127
1AB-2507-0019702,201080128
1AB-2507-0019695,201067429
1AB-2507-0019682,201067424
1AB-2507-0019686,201067423
1AB-2507-0019689,201067422
1AB-2507-0019662,201067418
1AB-2507-0019678,201067413
1AB-2507-0019678,201067911
1AB-2507-0019668,201067406
1AB-2507-0019627,201067399
1AB-2507-0019657,201067395
1AB-2507-0019642,201067390
1AB-2507-0019632,201067382
1AB-2507-0019622,201067370
1AB-2507-0019614,201067365
1AB-2507-0019609,201067363
1AB-2507-0019600,201067358
1AB-2507-0019597,201067354
1AB-2507-0019593,201067352
1AB-2507-0019584,201067351
1AB-2507-0019577,201067343
1AB-2507-0019573,201067341
1AB-2507-0019575,201067335
1AB-2507-0019561,201067332
1AB-2507-0019535,201067330
1AB-2507-0019559,201067327
1AB-2507-0019556,201067323
1AB-2507-0019545,201067317
1AB-2507-0019542,201067314
1AB-2507-0019527,201067310
1AB-2507-0019508,201067258
1AB-2507-0019499,201067248
1AB-2507-0019468,201067243
1AB-2507-0019483,201067240
1AB-2507-0019473,201067238
1AB-2507-0019464,201067232
1AB-2507-0019451,201067226
1AB-2507-0019438,201067225
1AB-2507-0019414,201067184
1AB-2507-0019384,201067171
1AB-2507-0019392,201067168
1AB-2507-0019378,201067161
1AB-2507-0019382,201067160
1AB-2507-0019367,201067157
1AB-2507-0019369,201067149
1AB-2507-0019355,201067147
1AB-2507-0019344,201067137
1AB-2507-0019340,201067134
1AB-2507-0019341,201067129
1AB-2507-0019333,201067127
1AB-2507-0019308,201067113
1AB-2507-0019306,201067112
1AB-2507-0019296,201067105
1AB-2507-0019257,201067097
1AB-2507-0019254,201067095
1AB-2507-0019240,201069122
1AB-2507-0019240,201067094
1AB-2507-0019251,201067093
1AB-2507-0019248,201067090
1AB-2507-0019242,201067088
